detailed_category,laundering_yn_0,laundering_yn_1
account_id,37611464,10112
cryptocurrency_exchange_3,83367,684
cryptocurrency_exchange_6,82599,606
foreign_3,64378,565
cryptocurrency_exchange_1,82199,564
foreign_4,64927,556
cryptocurrency_exchange_5,81168,526
cryptocurrency_exchange_9,82092,510
foreign_6,64190,503
foreign_1,63929,496
cryptocurrency_exchange_4,80436,493
foreign_5,64582,492
foreign_9,63931,484
foreign_8,64760,480
foreign_10,64419,464
cryptocurrency_exchange_7,83758,442
cryptocurrency_exchange_8,81298,440
foreign_7,64353,438
cryptocurrency_exchange_2,76925,432
cryptocurrency_exchange_10,79525,349
foreign_2,64754,277
cash_18,101004,199
cash_174,99911,180
cash_54,99024,170
cash_85,100155,166
cash_58,99512,163
cash_49,100376,157
cash_112,100287,151
cash_165,100683,149
cash_26,100545,149
cash_151,101044,139
cash_176,99941,137
cash_57,100011,137
cash_13,98967,136
cash_138,98779,134
cash_166,100434,134
cash_111,100685,133
cash_83,99700,133
cash_46,101422,127
cash_56,100111,126
cash_191,100220,125
cash_160,98139,122
cash_164,100873,121
cash_88,99583,121
cash_44,100599,121
cash_106,100443,119
cash_7,100472,118
cash_12,100414,118
cash_87,100514,117
cash_119,99368,116
cash_194,100668,115
cash_77,100143,112
cash_198,101806,112
cash_16,100618,112
cash_184,101064,110
cash_9,100340,109
cash_39,100874,107
cash_122,99906,105
cash_66,100679,103
cash_21,99587,103
cash_178,99880,100
cash_170,100544,100
cash_30,100633,100
cash_61,100808,100
cash_96,101126,100
cash_189,98864,100
cash_140,100842,99
cash_80,101178,98
cash_25,100627,98
cash_188,100290,98
cash_128,99105,95
cash_177,99619,94
cash_35,100210,94
cash_40,99424,93
cash_14,100682,93
cash_74,99770,93
cash_136,99931,92
cash_6,100132,92
cash_17,99603,91
cash_162,100927,91
cash_105,100825,91
cash_60,100778,90
cash_152,100079,88
cash_129,100557,87
cash_107,99373,87
cash_195,100600,87
cash_150,101383,87
cash_196,99777,87
cash_3,100981,87
cash_99,99415,87
cash_81,100029,86
cash_98,99734,85
cash_15,100984,84
cash_102,99452,84
cash_183,100191,84
cash_161,101288,83
cash_108,100733,82
cash_24,100840,81
cash_43,100065,80
cash_41,100611,80
cash_52,100380,79
cash_89,101173,79
cash_115,100577,79
cash_113,100862,79
cash_68,101176,78
cash_156,99825,78
cash_153,100970,78
cash_76,100803,77
cash_97,99521,77
cash_167,100709,77
cash_93,99470,76
cash_154,100677,75
cash_22,101230,75
cash_110,99634,74
cash_114,100435,74
cash_19,99483,74
cash_36,101742,74
cash_187,100158,74
cash_65,100755,74
cash_173,99654,73
cash_193,99694,72
cash_101,99880,72
cash_135,100416,71
cash_109,98382,71
cash_186,99885,70
cash_200,101611,70
cash_185,99884,69
cash_51,101102,69
cash_124,100352,69
cash_62,99437,69
cash_118,100653,68
cash_27,99462,68
cash_34,101382,67
cash_42,101885,66
cash_50,99130,65
cash_123,100131,65
cash_180,100161,65
cash_2,99563,64
cash_117,98726,64
cash_159,99158,64
cash_133,99866,63
cash_78,100719,63
cash_71,101004,63
cash_73,100936,62
cash_158,100540,62
cash_116,99922,61
cash_104,101081,61
cash_168,99076,61
cash_84,100276,61
cash_127,101154,61
cash_45,99661,61
cash_175,101112,61
cash_94,99480,60
cash_134,100546,59
cash_172,98662,59
cash_91,100476,57
cash_86,100992,57
cash_131,99319,57
cash_90,101227,56
cash_132,99161,56
cash_192,99090,56
cash_120,100043,55
cash_137,99683,55
cash_141,101379,55
cash_10,98007,54
cash_146,102249,54
cash_11,100738,52
cash_5,99111,52
cash_182,100601,52
cash_100,102078,51
cash_1,99000,51
cash_31,101695,50
cash_181,101701,50
cash_72,99958,50
cash_29,100241,49
cash_32,98962,49
cash_126,100007,49
cash_4,100071,48
cash_197,100403,47
cash_23,100376,47
cash_37,100560,47
cash_20,100072,46
cash_69,100933,46
cash_155,101053,46
cash_8,101324,46
cash_79,100920,46
cash_47,101763,45
cash_64,98303,44
cash_38,99392,43
cash_67,101180,41
cash_142,101328,41
cash_95,101175,41
cash_82,100719,40
cash_171,101149,40
cash_163,100474,40
cash_143,100729,39
cash_48,98431,39
cash_92,102131,39
cash_157,98730,39
cash_103,100666,38
cash_179,100330,38
cash_147,100401,37
cash_144,99678,35
cash_75,100197,32
cash_139,99153,32
cash_33,101086,31
cash_63,100953,30
cash_169,99928,28
cash_70,101043,28
cash_190,100808,27
cash_199,99073,26
cash_148,99604,21
cash_55,100129,20
cash_149,100985,20
cash_145,101325,19
cash_125,99687,17
cash_28,100774,15
cash_121,100467,14
cash_53,100449,13
cash_59,99907,11
cash_130,102370,11
renovations_2,19704,0
renovations_9,19963,0
renovations_8,19479,0
renovations_3,19821,0
renovations_20,19681,0
renovations_7,20046,0
renovations_4,19648,0
renovations_5,19274,0
renovations_6,19629,0
real_estate_3,3873,0
real_estate_4,3983,0
renovations_19,20150,0
renovations_13,19950,0
real_estate_8,3888,0
real_estate_9,3853,0
renovations_1,19434,0
renovations_10,19379,0
renovations_11,19625,0
renovations_12,19010,0
renovations_14,19554,0
renovations_18,19801,0
real_estate_6,3975,0
real_estate_5,3808,0
real_estate_7,3916,0
renovations_15,19748,0
renovations_16,19722,0
renovations_17,19610,0
phone_internet_8,816187,0
restaurants_takeaway_107,113310,0
restaurants_takeaway_1,112863,0
restaurants_takeaway_124,112175,0
restaurants_takeaway_126,112523,0
restaurants_takeaway_127,112374,0
restaurants_takeaway_128,114272,0
restaurants_takeaway_129,111576,0
restaurants_takeaway_13,112931,0
restaurants_takeaway_130,112165,0
restaurants_takeaway_131,113385,0
restaurants_takeaway_132,113493,0
restaurants_takeaway_133,112777,0
restaurants_takeaway_134,112738,0
restaurants_takeaway_135,112660,0
restaurants_takeaway_136,113644,0
restaurants_takeaway_137,111937,0
restaurants_takeaway_138,112153,0
restaurants_takeaway_139,112557,0
restaurants_takeaway_14,112591,0
restaurants_takeaway_140,113528,0
restaurants_takeaway_141,111926,0
restaurants_takeaway_142,113763,0
restaurants_takeaway_143,112959,0
restaurants_takeaway_144,112763,0
restaurants_takeaway_145,112406,0
restaurants_takeaway_146,111751,0
restaurants_takeaway_125,111613,0
restaurants_takeaway_123,112776,0
restaurants_takeaway_10,113064,0
restaurants_takeaway_122,112383,0
restaurants_takeaway_100,110294,0
restaurants_takeaway_101,112803,0
restaurants_takeaway_102,112221,0
restaurants_takeaway_103,112549,0
restaurants_takeaway_104,112018,0
restaurants_takeaway_105,112589,0
restaurants_takeaway_106,113230,0
restaurants_takeaway_108,112091,0
restaurants_takeaway_109,112458,0
restaurants_takeaway_11,112590,0
restaurants_takeaway_110,114358,0
restaurants_takeaway_111,113207,0
restaurants_takeaway_112,113471,0
restaurants_takeaway_113,113048,0
restaurants_takeaway_114,112413,0
restaurants_takeaway_115,112324,0
restaurants_takeaway_116,111497,0
restaurants_takeaway_117,112400,0
restaurants_takeaway_118,113271,0
restaurants_takeaway_119,113608,0
restaurants_takeaway_12,112822,0
restaurants_takeaway_120,114030,0
restaurants_takeaway_121,112417,0
real_estate_2,3886,0
public_administration_services_99,7409,0
real_estate_10,3909,0
public_administration_services_36,7338,0
public_administration_services_25,7604,0
public_administration_services_26,7470,0
public_administration_services_27,7261,0
public_administration_services_28,7199,0
public_administration_services_29,7278,0
public_administration_services_3,7472,0
public_administration_services_30,7525,0
public_administration_services_31,7451,0
public_administration_services_32,7561,0
public_administration_services_33,7365,0
public_administration_services_34,7240,0
public_administration_services_35,7693,0
public_administration_services_37,7684,0
public_administration_services_5,7534,0
public_administration_services_38,7341,0
public_administration_services_39,7655,0
public_administration_services_4,7300,0
public_administration_services_40,7418,0
public_administration_services_41,7424,0
public_administration_services_42,7147,0
public_administration_services_43,7442,0
public_administration_services_44,7508,0
public_administration_services_45,7449,0
public_administration_services_46,7785,0
public_administration_services_47,7451,0
public_administration_services_48,7571,0
public_administration_services_24,7453,0
public_administration_services_23,7102,0
public_administration_services_22,7337,0
public_administration_services_21,7175,0
public_administration_services_18,7256,0
public_administration_services_180,7427,0
public_administration_services_181,7263,0
public_administration_services_182,7388,0
public_administration_services_183,7540,0
public_administration_services_184,7384,0
public_administration_services_185,7385,0
public_administration_services_186,7615,0
public_administration_services_187,7520,0
public_administration_services_188,7540,0
public_administration_services_189,7162,0
public_administration_services_19,7556,0
public_administration_services_190,7330,0
public_administration_services_191,7440,0
public_administration_services_192,7246,0
public_administration_services_193,7464,0
public_administration_services_194,7624,0
public_administration_services_195,7444,0
public_administration_services_196,7406,0
public_administration_services_197,7343,0
public_administration_services_198,7312,0
public_administration_services_199,7490,0
public_administration_services_2,7744,0
public_administration_services_20,7314,0
public_administration_services_200,7607,0
public_administration_services_49,7664,0
public_administration_services_50,7717,0
real_estate_1,3922,0
public_administration_services_9,7303,0
public_administration_services_79,7316,0
public_administration_services_8,7415,0
public_administration_services_80,7478,0
public_administration_services_81,7554,0
public_administration_services_82,7798,0
public_administration_services_83,7545,0
public_administration_services_84,7359,0
public_administration_services_85,7434,0
public_administration_services_86,7695,0
public_administration_services_87,7362,0
public_administration_services_88,7501,0
public_administration_services_89,7151,0
public_administration_services_90,7265,0
public_administration_services_51,7213,0
public_administration_services_91,7535,0
public_administration_services_92,7528,0
public_administration_services_93,7688,0
public_administration_services_94,7467,0
public_administration_services_95,7431,0
public_administration_services_96,7345,0
public_administration_services_97,7308,0
public_administration_services_98,7353,0
restaurants_takeaway_148,111965,0
publishing_112,1,0
publishing_23,1,0
publishing_26,1,0
public_administration_services_78,7481,0
public_administration_services_77,7634,0
public_administration_services_76,7517,0
public_administration_services_75,7163,0
public_administration_services_52,7228,0
public_administration_services_53,7319,0
public_administration_services_54,7162,0
public_administration_services_55,7368,0
public_administration_services_56,7551,0
public_administration_services_57,7297,0
public_administration_services_58,7346,0
public_administration_services_59,7294,0
public_administration_services_6,7574,0
public_administration_services_60,7229,0
public_administration_services_61,7484,0
public_administration_services_62,7401,0
public_administration_services_63,7403,0
public_administration_services_64,7219,0
public_administration_services_65,7667,0
public_administration_services_66,7427,0
public_administration_services_67,7755,0
public_administration_services_68,7559,0
public_administration_services_69,7259,0
public_administration_services_7,7448,0
public_administration_services_70,7578,0
public_administration_services_71,7459,0
public_administration_services_72,7782,0
public_administration_services_73,7358,0
public_administration_services_74,7488,0
restaurants_takeaway_147,112381,0
restaurants_takeaway_150,112911,0
restaurants_takeaway_149,113041,0
restaurants_takeaway_69,113064,0
pet_shop_44,691,0
pet_shop_43,759,0
pet_shop_42,642,0
pet_shop_41,630,0
restaurants_takeaway_92,112289,0
restaurants_takeaway_93,113355,0
restaurants_takeaway_94,113411,0
restaurants_takeaway_95,112508,0
restaurants_takeaway_96,112703,0
restaurants_takeaway_97,113012,0
restaurants_takeaway_98,110881,0
restaurants_takeaway_99,111971,0
school_fee_1,3450,0
school_fee_10,3372,0
school_fee_100,3253,0
school_fee_11,3313,0
school_fee_12,3323,0
school_fee_13,3199,0
school_fee_14,3094,0
school_fee_15,3272,0
school_fee_16,3373,0
school_fee_17,3323,0
school_fee_18,3212,0
school_fee_19,3389,0
school_fee_2,3523,0
school_fee_20,3382,0
school_fee_21,3311,0
pet_shop_45,737,0
pet_shop_46,572,0
pet_shop_47,723,0
restaurants_takeaway_81,112826,0
restaurants_takeaway_70,112619,0
restaurants_takeaway_71,112307,0
restaurants_takeaway_72,113001,0
restaurants_takeaway_73,112389,0
restaurants_takeaway_74,113715,0
restaurants_takeaway_75,112612,0
restaurants_takeaway_76,113335,0
restaurants_takeaway_77,112966,0
restaurants_takeaway_78,112542,0
restaurants_takeaway_79,112360,0
restaurants_takeaway_8,112611,0
restaurants_takeaway_80,112638,0
restaurants_takeaway_82,111834,0
pet_shop_48,676,0
restaurants_takeaway_83,112429,0
restaurants_takeaway_84,112973,0
restaurants_takeaway_85,112522,0
restaurants_takeaway_86,113199,0
restaurants_takeaway_87,112811,0
restaurants_takeaway_88,111496,0
restaurants_takeaway_89,113520,0
restaurants_takeaway_9,113162,0
restaurants_takeaway_90,112961,0
restaurants_takeaway_91,113268,0
pet_shop_5,695,0
pet_shop_49,697,0
school_fee_22,3345,0
school_fee_23,3308,0
school_fee_24,3344,0
school_fee_64,3412,0
school_fee_53,3217,0
school_fee_54,3183,0
school_fee_55,3205,0
school_fee_56,3431,0
school_fee_57,3274,0
school_fee_58,3488,0
school_fee_59,3245,0
school_fee_6,3290,0
school_fee_60,3278,0
school_fee_61,3440,0
school_fee_62,3449,0
school_fee_63,3367,0
school_fee_65,3333,0
school_fee_51,3232,0
school_fee_66,3405,0
school_fee_67,3433,0
school_fee_68,3345,0
school_fee_69,3429,0
school_fee_7,3370,0
school_fee_70,3296,0
school_fee_71,3288,0
school_fee_72,3153,0
school_fee_73,3541,0
school_fee_74,3108,0
school_fee_75,3261,0
school_fee_76,3312,0
school_fee_52,3442,0
school_fee_50,3354,0
school_fee_25,3362,0
school_fee_37,3293,0
school_fee_26,3515,0
school_fee_27,3338,0
school_fee_28,3415,0
school_fee_29,3355,0
school_fee_3,3347,0
school_fee_30,3226,0
school_fee_31,3443,0
school_fee_32,3374,0
school_fee_33,3290,0
school_fee_34,3243,0
school_fee_35,3275,0
school_fee_36,3384,0
school_fee_38,3372,0
school_fee_5,3237,0
school_fee_39,3278,0
school_fee_4,3209,0
school_fee_40,3402,0
school_fee_41,3269,0
school_fee_42,3265,0
school_fee_43,3204,0
school_fee_44,3382,0
school_fee_45,3487,0
school_fee_46,3199,0
school_fee_47,3366,0
school_fee_48,3318,0
school_fee_49,3307,0
restaurants_takeaway_7,113836,0
restaurants_takeaway_68,112483,0
restaurants_takeaway_15,112343,0
restaurants_takeaway_67,112654,0
restaurants_takeaway_178,112187,0
restaurants_takeaway_179,111964,0
restaurants_takeaway_18,112021,0
restaurants_takeaway_180,112806,0
restaurants_takeaway_181,113240,0
restaurants_takeaway_182,112803,0
restaurants_takeaway_183,112735,0
restaurants_takeaway_184,112485,0
restaurants_takeaway_185,112087,0
restaurants_takeaway_186,111230,0
restaurants_takeaway_187,113033,0
restaurants_takeaway_188,112825,0
restaurants_takeaway_189,112454,0
restaurants_takeaway_19,111975,0
restaurants_takeaway_190,112688,0
restaurants_takeaway_191,112346,0
restaurants_takeaway_192,112787,0
restaurants_takeaway_193,112419,0
restaurants_takeaway_194,112556,0
restaurants_takeaway_195,113281,0
restaurants_takeaway_196,113261,0
restaurants_takeaway_197,112554,0
restaurants_takeaway_198,113867,0
restaurants_takeaway_199,112200,0
restaurants_takeaway_2,112386,0
restaurants_takeaway_20,113219,0
restaurants_takeaway_200,113001,0
restaurants_takeaway_177,111409,0
restaurants_takeaway_176,113395,0
restaurants_takeaway_175,112251,0
restaurants_takeaway_161,112530,0
public_administration_services_178,7621,0
restaurants_takeaway_151,110926,0
restaurants_takeaway_152,112763,0
restaurants_takeaway_153,113418,0
restaurants_takeaway_154,112276,0
restaurants_takeaway_155,112715,0
restaurants_takeaway_156,112723,0
restaurants_takeaway_157,111817,0
restaurants_takeaway_158,112945,0
restaurants_takeaway_159,112014,0
restaurants_takeaway_16,112359,0
restaurants_takeaway_160,111703,0
restaurants_takeaway_162,113308,0
restaurants_takeaway_174,113200,0
restaurants_takeaway_163,113518,0
restaurants_takeaway_164,112846,0
restaurants_takeaway_165,111847,0
restaurants_takeaway_166,113332,0
restaurants_takeaway_167,111524,0
restaurants_takeaway_168,113204,0
restaurants_takeaway_169,112786,0
restaurants_takeaway_17,113166,0
restaurants_takeaway_170,112694,0
restaurants_takeaway_171,112876,0
restaurants_takeaway_172,112666,0
restaurants_takeaway_173,112427,0
restaurants_takeaway_21,112534,0
restaurants_takeaway_22,112391,0
restaurants_takeaway_23,112250,0
restaurants_takeaway_54,112079,0
restaurants_takeaway_43,112541,0
restaurants_takeaway_44,112936,0
restaurants_takeaway_45,112626,0
restaurants_takeaway_46,113141,0
restaurants_takeaway_47,113252,0
restaurants_takeaway_48,113083,0
restaurants_takeaway_49,111570,0
restaurants_takeaway_5,111797,0
restaurants_takeaway_50,112556,0
restaurants_takeaway_51,112655,0
restaurants_takeaway_52,112219,0
restaurants_takeaway_53,113879,0
restaurants_takeaway_55,112581,0
restaurants_takeaway_41,112923,0
restaurants_takeaway_56,112401,0
restaurants_takeaway_57,112980,0
restaurants_takeaway_58,111924,0
restaurants_takeaway_59,112008,0
restaurants_takeaway_6,112998,0
restaurants_takeaway_60,111998,0
restaurants_takeaway_61,112620,0
restaurants_takeaway_62,112610,0
restaurants_takeaway_63,112292,0
restaurants_takeaway_64,111682,0
restaurants_takeaway_65,112248,0
restaurants_takeaway_66,112056,0
restaurants_takeaway_42,112522,0
restaurants_takeaway_40,111630,0
restaurants_takeaway_24,112713,0
restaurants_takeaway_36,112156,0
restaurants_takeaway_25,112144,0
restaurants_takeaway_26,112874,0
restaurants_takeaway_27,111694,0
restaurants_takeaway_28,112180,0
restaurants_takeaway_29,112071,0
restaurants_takeaway_3,112855,0
restaurants_takeaway_30,113207,0
restaurants_takeaway_31,112326,0
restaurants_takeaway_32,112388,0
restaurants_takeaway_33,112784,0
restaurants_takeaway_34,113217,0
restaurants_takeaway_35,113489,0
pet_shop_59,848,0
restaurants_takeaway_4,112653,0
pet_shop_58,563,0
pet_shop_57,519,0
pet_shop_56,769,0
pet_shop_55,582,0
pet_shop_54,614,0
pet_shop_53,610,0
pet_shop_52,589,0
pet_shop_51,690,0
pet_shop_50,774,0
restaurants_takeaway_37,113138,0
restaurants_takeaway_38,113960,0
restaurants_takeaway_39,114178,0
public_administration_services_179,7114,0
public_administration_services_156,7282,0
public_administration_services_177,7317,0
professional_services_53,13811,0
professional_services_43,13837,0
professional_services_44,13876,0
professional_services_45,14148,0
professional_services_46,13754,0
professional_services_47,14082,0
professional_services_48,14120,0
professional_services_49,13754,0
professional_services_5,13839,0
professional_services_50,14107,0
professional_services_51,13879,0
professional_services_52,14115,0
professional_services_54,13975,0
professional_services_41,13933,0
professional_services_55,13833,0
professional_services_56,14446,0
professional_services_57,14209,0
professional_services_58,13986,0
professional_services_59,14194,0
professional_services_6,14176,0
professional_services_60,13991,0
professional_services_61,13512,0
professional_services_62,14095,0
professional_services_63,13747,0
professional_services_64,14004,0
professional_services_42,13688,0
professional_services_40,13986,0
pharmacy_95,77691,0
professional_services_28,13401,0
professional_services_199,13962,0
professional_services_2,13645,0
professional_services_20,13732,0
professional_services_200,14128,0
professional_services_21,13794,0
professional_services_22,14354,0
professional_services_23,14166,0
professional_services_24,13651,0
professional_services_25,14118,0
professional_services_26,13902,0
professional_services_27,14109,0
professional_services_29,14194,0
professional_services_4,14092,0
professional_services_3,13913,0
professional_services_30,13872,0
professional_services_31,14237,0
professional_services_32,14244,0
professional_services_33,13733,0
professional_services_34,14056,0
professional_services_35,14120,0
professional_services_36,13884,0
professional_services_37,13932,0
professional_services_38,14118,0
professional_services_39,13664,0
professional_services_65,13615,0
professional_services_66,14188,0
professional_services_67,14001,0
public_administration_services_102,7242,0
professional_services_93,14021,0
professional_services_94,14075,0
professional_services_95,13951,0
professional_services_96,14341,0
professional_services_97,13868,0
professional_services_98,14002,0
professional_services_99,14005,0
public_administration_services_1,7553,0
public_administration_services_10,7777,0
public_administration_services_100,7410,0
public_administration_services_101,7379,0
public_administration_services_103,7393,0
professional_services_68,13796,0
phone_internet_7,800908,0
phone_internet_6,817796,0
phone_internet_5,805454,0
phone_internet_4,811659,0
phone_internet_3,809943,0
phone_internet_2,809455,0
phone_internet_10,811015,0
phone_internet_1,809980,0
pharmacy_99,78365,0
pharmacy_98,77295,0
pharmacy_97,77399,0
professional_services_92,13567,0
professional_services_91,13817,0
professional_services_90,13900,0
professional_services_9,13758,0
professional_services_69,13543,0
professional_services_7,14057,0
professional_services_70,13901,0
professional_services_71,14011,0
professional_services_72,14058,0
professional_services_73,13831,0
professional_services_74,14391,0
professional_services_75,13837,0
professional_services_76,13900,0
professional_services_77,13900,0
professional_services_78,14148,0
professional_services_79,14126,0
professional_services_8,13961,0
professional_services_80,14175,0
professional_services_81,13861,0
professional_services_82,14195,0
professional_services_83,14333,0
professional_services_84,14218,0
professional_services_85,13675,0
professional_services_86,14050,0
professional_services_87,14485,0
professional_services_88,13763,0
professional_services_89,14073,0
professional_services_198,14154,0
professional_services_197,13629,0
professional_services_196,13866,0
professional_services_133,13773,0
professional_services_123,14107,0
professional_services_124,14494,0
professional_services_125,14259,0
professional_services_126,14008,0
professional_services_127,13556,0
professional_services_128,13963,0
professional_services_129,13873,0
professional_services_13,14143,0
professional_services_130,13574,0
professional_services_131,13761,0
professional_services_132,13857,0
professional_services_134,13692,0
professional_services_146,13287,0
professional_services_135,14020,0
professional_services_136,13834,0
professional_services_137,13618,0
professional_services_138,13609,0
professional_services_139,13891,0
professional_services_14,14151,0
professional_services_140,13799,0
professional_services_141,14203,0
professional_services_142,14278,0
professional_services_143,13693,0
professional_services_144,13874,0
professional_services_122,14297,0
professional_services_121,13734,0
professional_services_120,14653,0
professional_services_12,14108,0
professional_services_1,13556,0
professional_services_10,13887,0
professional_services_100,13828,0
professional_services_101,13846,0
professional_services_102,13761,0
professional_services_103,13742,0
professional_services_104,13865,0
professional_services_105,13889,0
professional_services_106,13822,0
professional_services_107,13739,0
professional_services_108,14102,0
professional_services_109,14313,0
professional_services_11,13993,0
professional_services_110,13966,0
professional_services_111,13909,0
professional_services_112,13870,0
professional_services_113,14133,0
professional_services_114,13966,0
professional_services_115,13826,0
professional_services_116,13854,0
professional_services_117,13819,0
professional_services_118,13868,0
professional_services_119,13731,0
professional_services_145,13592,0
professional_services_147,13811,0
professional_services_195,13923,0
professional_services_183,13802,0
professional_services_173,13955,0
professional_services_174,14383,0
professional_services_175,13975,0
professional_services_176,14358,0
professional_services_177,13755,0
professional_services_178,13938,0
professional_services_179,14306,0
professional_services_18,13975,0
professional_services_180,13781,0
professional_services_181,14155,0
professional_services_182,14188,0
professional_services_184,13818,0
professional_services_148,13798,0
professional_services_185,13870,0
professional_services_186,13915,0
professional_services_187,14315,0
professional_services_188,13752,0
professional_services_189,13840,0
professional_services_19,14545,0
professional_services_190,13905,0
professional_services_191,14001,0
professional_services_192,13903,0
professional_services_193,13788,0
professional_services_194,14047,0
professional_services_172,13759,0
professional_services_171,13876,0
professional_services_170,13948,0
professional_services_17,13955,0
professional_services_149,13906,0
professional_services_15,13883,0
professional_services_150,14339,0
professional_services_151,13949,0
professional_services_152,14081,0
professional_services_153,14299,0
professional_services_154,13996,0
professional_services_155,14058,0
professional_services_156,13907,0
professional_services_157,14261,0
professional_services_158,13773,0
professional_services_159,14160,0
professional_services_16,14592,0
professional_services_160,14128,0
professional_services_161,14196,0
professional_services_162,13983,0
professional_services_163,13752,0
professional_services_164,13737,0
professional_services_165,13866,0
professional_services_166,13649,0
professional_services_167,13894,0
professional_services_168,14255,0
professional_services_169,13920,0
pharmacy_96,76261,0
pharmacy_94,78474,0
public_administration_services_176,7343,0
public_administration_services_114,7339,0
public_administration_services_104,7319,0
public_administration_services_105,7613,0
public_administration_services_106,7396,0
public_administration_services_107,7522,0
public_administration_services_108,7550,0
public_administration_services_109,7388,0
public_administration_services_11,7560,0
public_administration_services_110,7509,0
public_administration_services_111,7507,0
public_administration_services_112,7536,0
public_administration_services_113,7298,0
public_administration_services_115,7578,0
pet_shop_60,675,0
public_administration_services_116,7561,0
public_administration_services_117,7702,0
public_administration_services_118,7798,0
public_administration_services_119,7277,0
public_administration_services_12,7249,0
public_administration_services_120,7580,0
public_administration_services_121,7383,0
public_administration_services_122,7711,0
public_administration_services_123,7764,0
public_administration_services_124,7460,0
public_administration_services_125,7348,0
pet_shop_6,596,0
pet_shop_61,605,0
pharmacy_93,77914,0
pet_shop_74,521,0
pet_shop_83,678,0
pet_shop_82,601,0
pet_shop_81,566,0
pet_shop_80,600,0
school_fee_78,3222,0
pet_shop_8,804,0
pet_shop_79,520,0
pet_shop_78,630,0
pet_shop_77,650,0
pet_shop_76,503,0
pet_shop_75,836,0
pet_shop_73,598,0
pet_shop_62,646,0
pet_shop_72,543,0
pet_shop_71,631,0
pet_shop_70,791,0
pet_shop_7,609,0
pet_shop_69,510,0
pet_shop_68,619,0
pet_shop_67,653,0
pet_shop_66,661,0
pet_shop_65,685,0
pet_shop_64,643,0
pet_shop_63,497,0
public_administration_services_126,7623,0
public_administration_services_127,7137,0
public_administration_services_128,7421,0
public_administration_services_164,7250,0
public_administration_services_154,7491,0
public_administration_services_155,7470,0
phone_internet_9,814750,0
public_administration_services_157,7318,0
public_administration_services_158,7248,0
public_administration_services_159,7347,0
public_administration_services_16,7039,0
public_administration_services_160,7083,0
public_administration_services_161,7068,0
public_administration_services_162,7287,0
public_administration_services_163,7243,0
public_administration_services_165,7871,0
public_administration_services_129,7648,0
public_administration_services_166,7390,0
public_administration_services_167,7627,0
public_administration_services_168,7252,0
public_administration_services_169,7669,0
public_administration_services_17,7222,0
public_administration_services_170,7782,0
public_administration_services_171,7343,0
public_administration_services_172,7313,0
public_administration_services_173,7247,0
public_administration_services_174,7404,0
public_administration_services_175,7223,0
public_administration_services_153,7486,0
public_administration_services_152,7322,0
public_administration_services_151,7554,0
public_administration_services_150,7235,0
public_administration_services_13,7240,0
public_administration_services_130,7487,0
public_administration_services_131,7709,0
public_administration_services_132,7418,0
public_administration_services_133,7666,0
public_administration_services_134,7231,0
public_administration_services_135,7455,0
public_administration_services_136,7133,0
public_administration_services_137,7448,0
public_administration_services_138,7535,0
public_administration_services_139,7471,0
public_administration_services_14,7527,0
public_administration_services_140,7684,0
public_administration_services_141,7605,0
public_administration_services_142,7843,0
public_administration_services_143,7338,0
public_administration_services_144,7250,0
public_administration_services_145,7532,0
public_administration_services_146,7605,0
public_administration_services_147,7521,0
public_administration_services_148,7381,0
public_administration_services_149,7391,0
public_administration_services_15,7520,0
pet_shop_84,773,0
pet_shop_85,676,0
pet_shop_86,726,0
pharmacy_58,77057,0
pharmacy_68,75770,0
pharmacy_67,77474,0
pharmacy_66,77668,0
pharmacy_65,76845,0
pharmacy_64,77962,0
pharmacy_63,77426,0
pharmacy_62,77292,0
pharmacy_61,77034,0
pharmacy_60,76754,0
pharmacy_6,77650,0
pharmacy_59,77653,0
pharmacy_57,77812,0
pharmacy_45,77238,0
pharmacy_56,76902,0
pharmacy_55,77986,0
pharmacy_54,78173,0
pharmacy_53,77457,0
pharmacy_52,77980,0
pharmacy_51,77496,0
pharmacy_50,77067,0
pharmacy_5,76968,0
pharmacy_49,77288,0
pharmacy_48,77127,0
pharmacy_47,77701,0
pharmacy_69,76365,0
pharmacy_7,76347,0
pharmacy_70,78180,0
pharmacy_71,77461,0
pharmacy_92,77536,0
pharmacy_91,76987,0
pharmacy_90,77690,0
pharmacy_9,77839,0
pharmacy_89,78364,0
pharmacy_88,77725,0
pharmacy_87,77020,0
pharmacy_86,77809,0
pharmacy_85,77285,0
pharmacy_84,77358,0
pharmacy_83,77513,0
pharmacy_82,78385,0
pharmacy_81,77866,0
pharmacy_80,76597,0
pharmacy_8,77482,0
pharmacy_79,76923,0
pharmacy_78,78244,0
pharmacy_77,78112,0
pharmacy_76,77538,0
pharmacy_75,76871,0
pharmacy_74,76879,0
pharmacy_73,76797,0
pharmacy_72,77202,0
pharmacy_46,77572,0
pharmacy_44,77496,0
pet_shop_87,577,0
pet_shop_99,664,0
pharmacy_18,77893,0
pharmacy_17,79726,0
pharmacy_16,77904,0
pharmacy_15,77439,0
pharmacy_14,77784,0
pharmacy_13,77607,0
pharmacy_12,77867,0
pharmacy_11,78580,0
pharmacy_100,78462,0
pharmacy_10,76615,0
pharmacy_1,77048,0
pet_shop_98,572,0
pharmacy_43,77987,0
pet_shop_97,620,0
pet_shop_96,636,0
pet_shop_95,663,0
pet_shop_94,737,0
pet_shop_93,836,0
pet_shop_92,665,0
pet_shop_91,540,0
pet_shop_90,719,0
pet_shop_9,657,0
pet_shop_89,642,0
pet_shop_88,659,0
pharmacy_19,78422,0
pharmacy_2,77723,0
pharmacy_20,77970,0
pharmacy_21,77538,0
pharmacy_42,78218,0
pharmacy_41,77312,0
pharmacy_40,79230,0
pharmacy_4,78229,0
pharmacy_39,76800,0
pharmacy_38,78550,0
pharmacy_37,76531,0
pharmacy_36,76849,0
pharmacy_35,76916,0
pharmacy_34,77299,0
pharmacy_33,78309,0
pharmacy_32,77362,0
pharmacy_31,77568,0
pharmacy_30,77953,0
pharmacy_3,77410,0
pharmacy_29,77059,0
pharmacy_28,76478,0
pharmacy_27,76149,0
pharmacy_26,76514,0
pharmacy_25,77751,0
pharmacy_24,77159,0
pharmacy_23,77086,0
pharmacy_22,78856,0
school_fee_77,3428,0
shows_concerts_79,296,0
school_fee_79,3332,0
transportation_46,9280,0
transportation_36,9128,0
transportation_37,9172,0
transportation_38,9112,0
transportation_39,9316,0
transportation_4,9223,0
transportation_40,9200,0
transportation_41,9102,0
transportation_42,9242,0
transportation_43,9346,0
transportation_44,8879,0
transportation_45,9403,0
transportation_47,9211,0
transportation_34,9218,0
transportation_48,9234,0
transportation_49,9075,0
transportation_5,9156,0
transportation_50,9109,0
transportation_6,9216,0
transportation_7,9165,0
transportation_8,9140,0
transportation_9,9037,0
travel_1,19154,0
travel_10,19666,0
travel_11,19885,0
transportation_35,9204,0
transportation_33,9363,0
training_course_9,4172,0
transportation_20,9323,0
transportation_10,9146,0
transportation_11,8997,0
transportation_12,9089,0
transportation_13,9105,0
transportation_14,9168,0
transportation_15,9367,0
transportation_16,9288,0
transportation_17,9125,0
transportation_18,9056,0
transportation_19,9200,0
transportation_2,9070,0
transportation_21,9044,0
transportation_32,9385,0
transportation_22,9294,0
transportation_23,9199,0
transportation_24,9310,0
transportation_25,8962,0
transportation_26,9181,0
transportation_27,9220,0
transportation_28,9235,0
transportation_29,9148,0
transportation_3,9036,0
transportation_30,8945,0
transportation_31,9126,0
travel_12,19686,0
travel_13,19587,0
travel_14,19753,0
travel_50,19705,0
travel_40,19537,0
travel_41,20306,0
travel_42,19663,0
travel_43,19511,0
travel_44,20009,0
travel_45,19815,0
travel_46,19555,0
travel_47,19528,0
travel_48,19999,0
travel_49,19561,0
travel_5,19664,0
travel_6,19758,0
travel_15,20300,0
travel_7,19860,0
travel_8,19738,0
travel_9,19945,0
vehicle_1,2392,0
vehicle_10,2341,0
vehicle_11,2293,0
vehicle_12,2400,0
vehicle_13,2326,0
vehicle_14,2312,0
vehicle_15,2330,0
vehicle_16,2264,0
travel_4,19503,0
travel_39,19688,0
travel_38,19885,0
travel_37,19852,0
travel_16,20189,0
travel_17,19664,0
travel_18,19519,0
travel_19,19553,0
travel_2,19552,0
travel_20,20095,0
travel_21,19836,0
travel_22,19735,0
travel_23,19674,0
travel_24,19432,0
travel_25,19958,0
travel_26,19623,0
travel_27,19653,0
travel_28,20005,0
travel_29,19633,0
travel_3,19947,0
travel_30,19844,0
travel_31,19756,0
travel_32,19468,0
travel_33,19655,0
travel_34,19345,0
travel_35,19444,0
travel_36,19463,0
transportation_1,9197,0
training_course_8,3997,0
supermarket_groceries_26,208395,0
supermarket_groceries_63,209078,0
supermarket_groceries_53,210022,0
supermarket_groceries_54,209735,0
supermarket_groceries_55,206193,0
supermarket_groceries_56,208760,0
supermarket_groceries_57,209215,0
supermarket_groceries_58,207130,0
supermarket_groceries_59,209522,0
supermarket_groceries_6,208514,0
supermarket_groceries_60,208576,0
supermarket_groceries_61,208259,0
supermarket_groceries_62,208723,0
supermarket_groceries_64,210020,0
supermarket_groceries_51,210622,0
supermarket_groceries_65,207637,0
supermarket_groceries_66,208204,0
supermarket_groceries_67,211650,0
supermarket_groceries_68,208319,0
supermarket_groceries_69,207645,0
supermarket_groceries_7,207357,0
supermarket_groceries_70,206095,0
supermarket_groceries_71,209692,0
supermarket_groceries_72,210458,0
supermarket_groceries_73,211449,0
supermarket_groceries_74,209062,0
supermarket_groceries_52,209331,0
supermarket_groceries_50,211981,0
training_course_7,3969,0
supermarket_groceries_38,211254,0
supermarket_groceries_28,208059,0
supermarket_groceries_29,211062,0
supermarket_groceries_3,209089,0
supermarket_groceries_30,211823,0
supermarket_groceries_31,210082,0
supermarket_groceries_32,209600,0
supermarket_groceries_33,208927,0
supermarket_groceries_34,209440,0
supermarket_groceries_35,208302,0
supermarket_groceries_36,208386,0
supermarket_groceries_37,211249,0
supermarket_groceries_39,208912,0
supermarket_groceries_5,208962,0
supermarket_groceries_4,209416,0
supermarket_groceries_40,209805,0
supermarket_groceries_41,210047,0
supermarket_groceries_42,209194,0
supermarket_groceries_43,209352,0
supermarket_groceries_44,209043,0
supermarket_groceries_45,209414,0
supermarket_groceries_46,209939,0
supermarket_groceries_47,209769,0
supermarket_groceries_48,211111,0
supermarket_groceries_49,206322,0
supermarket_groceries_75,211560,0
supermarket_groceries_76,208758,0
supermarket_groceries_77,209298,0
training_course_13,3988,0
television_3,171676,0
television_4,171803,0
television_5,171875,0
television_6,170666,0
television_7,171997,0
television_8,172671,0
television_9,171395,0
training_course_1,4069,0
training_course_10,4084,0
training_course_11,3978,0
training_course_12,4107,0
training_course_14,3918,0
supermarket_groceries_78,211493,0
training_course_15,3987,0
training_course_16,3888,0
training_course_17,4129,0
training_course_18,4048,0
training_course_19,4067,0
training_course_2,3968,0
training_course_20,3912,0
training_course_3,4059,0
training_course_4,4150,0
training_course_5,4048,0
training_course_6,3850,0
television_2,172980,0
television_10,171143,0
television_1,171092,0
taxes_1,7214111,0
supermarket_groceries_79,209513,0
supermarket_groceries_8,211289,0
supermarket_groceries_80,210208,0
supermarket_groceries_81,208545,0
supermarket_groceries_82,207509,0
supermarket_groceries_83,208333,0
supermarket_groceries_84,212280,0
supermarket_groceries_85,211264,0
supermarket_groceries_86,210306,0
supermarket_groceries_87,209873,0
supermarket_groceries_88,211456,0
supermarket_groceries_89,210606,0
supermarket_groceries_9,206731,0
supermarket_groceries_90,208056,0
supermarket_groceries_91,209632,0
supermarket_groceries_92,210613,0
supermarket_groceries_93,206582,0
supermarket_groceries_94,208994,0
supermarket_groceries_95,209057,0
supermarket_groceries_96,208185,0
supermarket_groceries_97,208978,0
supermarket_groceries_98,210349,0
supermarket_groceries_99,205621,0
vehicle_17,2365,0
vehicle_18,2390,0
vehicle_19,2302,0
work_income_37,84637,0
work_income_27,86609,0
work_income_28,85314,0
work_income_29,84455,0
work_income_3,83207,0
work_income_30,84433,0
work_income_31,84621,0
work_income_32,84152,0
work_income_33,86252,0
work_income_34,83692,0
work_income_35,83996,0
work_income_36,81866,0
work_income_38,84726,0
work_income_25,84018,0
work_income_39,81613,0
work_income_4,83576,0
work_income_40,87212,0
work_income_41,86275,0
work_income_42,86841,0
work_income_43,83335,0
work_income_44,84134,0
work_income_45,84201,0
work_income_46,85840,0
work_income_47,85309,0
work_income_48,81729,0
work_income_26,85670,0
work_income_24,84422,0
vehicle_2,2340,0
work_income_11,84696,0
water_bill_2,6698,0
water_bill_3,6861,0
water_bill_4,6854,0
water_bill_5,6773,0
water_bill_6,6888,0
water_bill_7,6691,0
water_bill_8,6706,0
water_bill_9,6756,0
work_income_1,83266,0
work_income_10,83967,0
work_income_100,85059,0
work_income_12,84280,0
work_income_23,86156,0
work_income_13,84283,0
work_income_14,85852,0
work_income_15,84797,0
work_income_16,83809,0
work_income_17,84346,0
work_income_18,85257,0
work_income_19,85589,0
work_income_2,83660,0
work_income_20,84140,0
work_income_21,87583,0
work_income_22,86213,0
work_income_49,85832,0
work_income_5,85098,0
work_income_50,84617,0
work_income_87,86044,0
work_income_77,83472,0
work_income_78,85933,0
work_income_79,86351,0
work_income_8,82198,0
work_income_80,86658,0
work_income_81,84410,0
work_income_82,86283,0
work_income_83,83502,0
work_income_84,83494,0
work_income_85,83608,0
work_income_86,84572,0
work_income_88,83747,0
work_income_51,85957,0
work_income_89,84701,0
work_income_9,85756,0
work_income_90,84224,0
work_income_91,82869,0
work_income_92,82616,0
work_income_93,83488,0
work_income_94,83617,0
work_income_95,85662,0
work_income_96,81545,0
work_income_97,84455,0
work_income_98,84403,0
work_income_76,83536,0
work_income_75,84816,0
work_income_74,83513,0
work_income_73,84588,0
work_income_52,83588,0
work_income_53,84453,0
work_income_54,87470,0
work_income_55,85390,0
work_income_56,85332,0
work_income_57,86451,0
work_income_58,85088,0
work_income_59,84031,0
work_income_6,84059,0
work_income_60,84577,0
work_income_61,85693,0
work_income_62,84867,0
work_income_63,85991,0
work_income_64,83600,0
work_income_65,85040,0
work_income_66,84985,0
work_income_67,84534,0
work_income_68,86571,0
work_income_69,83809,0
work_income_7,86940,0
work_income_70,85771,0
work_income_71,84016,0
work_income_72,85987,0
water_bill_10,6832,0
water_bill_1,6929,0
veterinarian_99,61,0
veterinarian_36,50,0
veterinarian_26,51,0
veterinarian_27,46,0
veterinarian_28,64,0
veterinarian_29,64,0
veterinarian_3,42,0
veterinarian_30,51,0
veterinarian_31,52,0
veterinarian_32,63,0
veterinarian_33,55,0
veterinarian_34,39,0
veterinarian_35,70,0
veterinarian_37,44,0
veterinarian_49,61,0
veterinarian_38,67,0
veterinarian_39,68,0
veterinarian_4,63,0
veterinarian_40,74,0
veterinarian_41,59,0
veterinarian_42,57,0
veterinarian_43,45,0
veterinarian_44,54,0
veterinarian_45,54,0
veterinarian_46,64,0
veterinarian_47,56,0
veterinarian_25,72,0
veterinarian_24,46,0
veterinarian_23,53,0
veterinarian_22,68,0
vehicle_20,2406,0
vehicle_3,2307,0
vehicle_4,2423,0
vehicle_5,2412,0
vehicle_6,2285,0
vehicle_7,2390,0
vehicle_8,2330,0
vehicle_9,2404,0
veterinarian_1,62,0
veterinarian_10,69,0
veterinarian_100,54,0
veterinarian_11,50,0
veterinarian_12,55,0
veterinarian_13,68,0
veterinarian_14,62,0
veterinarian_15,59,0
veterinarian_16,60,0
veterinarian_17,58,0
veterinarian_18,59,0
veterinarian_19,72,0
veterinarian_2,62,0
veterinarian_20,62,0
veterinarian_21,56,0
veterinarian_48,73,0
veterinarian_5,36,0
veterinarian_98,52,0
veterinarian_86,71,0
veterinarian_76,64,0
veterinarian_77,55,0
veterinarian_78,66,0
veterinarian_79,52,0
veterinarian_8,63,0
veterinarian_80,50,0
veterinarian_81,78,0
veterinarian_82,66,0
veterinarian_83,50,0
veterinarian_84,54,0
veterinarian_85,47,0
veterinarian_87,48,0
veterinarian_50,50,0
veterinarian_88,61,0
veterinarian_89,61,0
veterinarian_9,60,0
veterinarian_90,58,0
veterinarian_91,52,0
veterinarian_92,65,0
veterinarian_93,56,0
veterinarian_94,65,0
veterinarian_95,55,0
veterinarian_96,57,0
veterinarian_97,60,0
veterinarian_75,56,0
veterinarian_74,63,0
veterinarian_73,61,0
veterinarian_72,45,0
veterinarian_51,68,0
veterinarian_52,82,0
veterinarian_53,61,0
veterinarian_54,58,0
veterinarian_55,71,0
veterinarian_56,49,0
veterinarian_57,45,0
veterinarian_58,56,0
veterinarian_59,62,0
veterinarian_6,45,0
veterinarian_60,65,0
veterinarian_61,46,0
veterinarian_62,76,0
veterinarian_63,68,0
veterinarian_64,65,0
veterinarian_65,63,0
veterinarian_66,42,0
veterinarian_67,56,0
veterinarian_68,42,0
veterinarian_69,54,0
veterinarian_7,48,0
veterinarian_70,54,0
veterinarian_71,52,0
supermarket_groceries_27,208986,0
supermarket_groceries_25,209955,0
school_fee_8,3334,0
sports_35,17077,0
sports_25,17049,0
sports_26,17152,0
sports_27,17356,0
sports_28,17025,0
sports_29,17287,0
sports_3,17059,0
sports_30,16997,0
sports_31,16724,0
sports_32,16795,0
sports_33,17232,0
sports_34,17097,0
sports_36,17055,0
sports_23,17028,0
sports_37,16782,0
sports_38,16929,0
sports_39,17162,0
sports_4,17065,0
sports_40,17112,0
sports_41,17235,0
sports_42,16725,0
sports_43,17008,0
sports_44,17145,0
sports_45,17030,0
sports_46,17030,0
sports_24,17275,0
sports_22,16630,0
shows_concerts_89,284,0
sports_10,17207,0
shows_concerts_90,280,0
shows_concerts_91,285,0
shows_concerts_92,276,0
shows_concerts_93,288,0
shows_concerts_94,274,0
shows_concerts_95,276,0
shows_concerts_96,300,0
shows_concerts_97,306,0
shows_concerts_98,233,0
shows_concerts_99,287,0
sports_1,17248,0
sports_100,17034,0
sports_21,17375,0
sports_11,17068,0
sports_12,17164,0
sports_13,16974,0
sports_14,17046,0
sports_15,17317,0
sports_16,17141,0
sports_17,17103,0
sports_18,16909,0
sports_19,17336,0
sports_2,17089,0
sports_20,17455,0
sports_47,17271,0
sports_48,16647,0
sports_49,17173,0
sports_85,16904,0
sports_75,17420,0
sports_76,17438,0
sports_77,17265,0
sports_78,16978,0
sports_79,17109,0
sports_8,16858,0
sports_80,17322,0
sports_81,16988,0
sports_82,17238,0
sports_83,16983,0
sports_84,17002,0
sports_86,17379,0
sports_5,17277,0
sports_87,17293,0
sports_88,17455,0
sports_89,17312,0
sports_9,17566,0
sports_90,17141,0
sports_91,17205,0
sports_92,16913,0
sports_93,17208,0
sports_94,17457,0
sports_95,17528,0
sports_96,17065,0
sports_74,17056,0
sports_73,16920,0
sports_72,17145,0
sports_71,17151,0
sports_50,17194,0
sports_51,16828,0
sports_52,16971,0
sports_53,16879,0
sports_54,17089,0
sports_55,17254,0
sports_56,17208,0
sports_57,16850,0
sports_58,17240,0
sports_59,17055,0
sports_6,17046,0
sports_60,17045,0
sports_61,17103,0
sports_62,17103,0
sports_63,17452,0
sports_64,17019,0
sports_65,17370,0
sports_66,17435,0
sports_67,17103,0
sports_68,17035,0
sports_69,17095,0
sports_7,17050,0
sports_70,16998,0
shows_concerts_9,296,0
shows_concerts_88,314,0
supermarket_groceries_24,210846,0
shows_concerts_25,285,0
shows_concerts_15,287,0
shows_concerts_16,327,0
shows_concerts_17,303,0
shows_concerts_18,291,0
shows_concerts_19,300,0
shows_concerts_2,293,0
shows_concerts_20,303,0
shows_concerts_21,338,0
shows_concerts_22,309,0
shows_concerts_23,285,0
shows_concerts_24,316,0
shows_concerts_26,253,0
shows_concerts_13,310,0
shows_concerts_27,316,0
shows_concerts_28,277,0
shows_concerts_29,291,0
shows_concerts_3,288,0
shows_concerts_30,317,0
shows_concerts_31,311,0
shows_concerts_32,259,0
shows_concerts_33,317,0
shows_concerts_34,289,0
shows_concerts_35,300,0
shows_concerts_36,246,0
shows_concerts_14,301,0
shows_concerts_12,310,0
shows_concerts_87,312,0
school_fee_90,3422,0
school_fee_80,3340,0
school_fee_81,3439,0
school_fee_82,3290,0
school_fee_83,3420,0
school_fee_84,3261,0
school_fee_85,3390,0
school_fee_86,3376,0
school_fee_87,3243,0
school_fee_88,3424,0
school_fee_89,3261,0
school_fee_9,3418,0
school_fee_91,3271,0
shows_concerts_11,265,0
school_fee_92,3177,0
school_fee_93,3413,0
school_fee_94,3035,0
school_fee_95,3331,0
school_fee_96,3291,0
school_fee_97,3240,0
school_fee_98,3460,0
school_fee_99,3238,0
shows_concerts_1,279,0
shows_concerts_10,267,0
shows_concerts_100,289,0
shows_concerts_37,297,0
shows_concerts_38,303,0
shows_concerts_39,278,0
shows_concerts_75,295,0
shows_concerts_65,317,0
shows_concerts_66,308,0
shows_concerts_67,324,0
shows_concerts_68,338,0
shows_concerts_69,295,0
shows_concerts_7,307,0
shows_concerts_70,325,0
shows_concerts_71,290,0
shows_concerts_72,271,0
shows_concerts_73,300,0
shows_concerts_74,308,0
shows_concerts_76,287,0
shows_concerts_4,284,0
shows_concerts_77,269,0
shows_concerts_78,328,0
pet_shop_4,635,0
shows_concerts_8,296,0
shows_concerts_80,290,0
shows_concerts_81,331,0
shows_concerts_82,287,0
shows_concerts_83,297,0
shows_concerts_84,307,0
shows_concerts_85,315,0
shows_concerts_86,290,0
shows_concerts_64,281,0
shows_concerts_63,281,0
shows_concerts_62,301,0
shows_concerts_61,292,0
shows_concerts_40,299,0
shows_concerts_41,300,0
shows_concerts_42,330,0
shows_concerts_43,286,0
shows_concerts_44,290,0
shows_concerts_45,309,0
shows_concerts_46,280,0
shows_concerts_47,289,0
shows_concerts_48,289,0
shows_concerts_49,302,0
shows_concerts_5,271,0
shows_concerts_50,306,0
shows_concerts_51,265,0
shows_concerts_52,276,0
shows_concerts_53,307,0
shows_concerts_54,277,0
shows_concerts_55,289,0
shows_concerts_56,317,0
shows_concerts_57,290,0
shows_concerts_58,284,0
shows_concerts_59,307,0
shows_concerts_6,284,0
shows_concerts_60,249,0
sports_97,17345,0
sports_98,17022,0
sports_99,16945,0
supermarket_groceries_143,206674,0
supermarket_groceries_133,209940,0
supermarket_groceries_134,212975,0
supermarket_groceries_135,210063,0
supermarket_groceries_136,206164,0
supermarket_groceries_137,209420,0
supermarket_groceries_138,205206,0
supermarket_groceries_139,209036,0
supermarket_groceries_14,208485,0
supermarket_groceries_140,209785,0
supermarket_groceries_141,208681,0
supermarket_groceries_142,207654,0
supermarket_groceries_144,210219,0
supermarket_groceries_131,210257,0
supermarket_groceries_145,209108,0
supermarket_groceries_146,208294,0
supermarket_groceries_147,207431,0
supermarket_groceries_148,210139,0
supermarket_groceries_149,208009,0
supermarket_groceries_15,209099,0
supermarket_groceries_150,209921,0
supermarket_groceries_151,208161,0
supermarket_groceries_152,209292,0
supermarket_groceries_153,207534,0
supermarket_groceries_154,210621,0
supermarket_groceries_132,210263,0
supermarket_groceries_130,208542,0
stationery_1,134,0
supermarket_groceries_118,210791,0
supermarket_groceries_108,210042,0
supermarket_groceries_109,209948,0
supermarket_groceries_11,207940,0
supermarket_groceries_110,208645,0
supermarket_groceries_111,207926,0
supermarket_groceries_112,212676,0
supermarket_groceries_113,207224,0
supermarket_groceries_114,209838,0
supermarket_groceries_115,208416,0
supermarket_groceries_116,208924,0
supermarket_groceries_117,209472,0
supermarket_groceries_119,210020,0
supermarket_groceries_13,208644,0
supermarket_groceries_12,209176,0
supermarket_groceries_120,208301,0
supermarket_groceries_121,210882,0
supermarket_groceries_122,210519,0
supermarket_groceries_123,211191,0
supermarket_groceries_124,210396,0
supermarket_groceries_125,209362,0
supermarket_groceries_126,208607,0
supermarket_groceries_127,208902,0
supermarket_groceries_128,212013,0
supermarket_groceries_129,209433,0
supermarket_groceries_155,208574,0
supermarket_groceries_156,210302,0
supermarket_groceries_157,209176,0
supermarket_groceries_193,209724,0
supermarket_groceries_183,208413,0
supermarket_groceries_184,210376,0
supermarket_groceries_185,208431,0
supermarket_groceries_186,208571,0
supermarket_groceries_187,209199,0
supermarket_groceries_188,207427,0
supermarket_groceries_189,209110,0
supermarket_groceries_19,210012,0
supermarket_groceries_190,206665,0
supermarket_groceries_191,208232,0
supermarket_groceries_192,208562,0
supermarket_groceries_194,209470,0
supermarket_groceries_158,208979,0
supermarket_groceries_195,207459,0
supermarket_groceries_196,212269,0
supermarket_groceries_197,208098,0
supermarket_groceries_198,209892,0
supermarket_groceries_199,208037,0
supermarket_groceries_2,210099,0
supermarket_groceries_20,211115,0
supermarket_groceries_200,209734,0
supermarket_groceries_21,208306,0
supermarket_groceries_22,206523,0
supermarket_groceries_23,207588,0
supermarket_groceries_182,208229,0
supermarket_groceries_181,209171,0
supermarket_groceries_180,208832,0
supermarket_groceries_18,208505,0
supermarket_groceries_159,208643,0
supermarket_groceries_16,208656,0
supermarket_groceries_160,205713,0
supermarket_groceries_161,209534,0
supermarket_groceries_162,207496,0
supermarket_groceries_163,206980,0
supermarket_groceries_164,210311,0
supermarket_groceries_165,208182,0
supermarket_groceries_166,209639,0
supermarket_groceries_167,207514,0
supermarket_groceries_168,209787,0
supermarket_groceries_169,209843,0
supermarket_groceries_17,210678,0
supermarket_groceries_170,207671,0
supermarket_groceries_171,208432,0
supermarket_groceries_172,208900,0
supermarket_groceries_173,207926,0
supermarket_groceries_174,211335,0
supermarket_groceries_175,205781,0
supermarket_groceries_176,209066,0
supermarket_groceries_177,209209,0
supermarket_groceries_178,207539,0
supermarket_groceries_179,210170,0
supermarket_groceries_107,207750,0
supermarket_groceries_106,208201,0
supermarket_groceries_105,207422,0
stationery_44,127,0
stationery_34,137,0
stationery_35,122,0
stationery_36,119,0
stationery_37,122,0
stationery_38,124,0
stationery_39,137,0
stationery_4,140,0
stationery_40,141,0
stationery_41,110,0
stationery_42,149,0
stationery_43,126,0
stationery_45,121,0
stationery_57,119,0
stationery_46,129,0
stationery_47,111,0
stationery_48,114,0
stationery_49,93,0
stationery_5,135,0
stationery_50,113,0
stationery_51,126,0
stationery_52,117,0
stationery_53,108,0
stationery_54,152,0
stationery_55,137,0
stationery_33,127,0
stationery_32,108,0
stationery_31,109,0
stationery_30,122,0
stationery_10,122,0
stationery_100,132,0
stationery_11,125,0
stationery_12,138,0
stationery_13,126,0
stationery_14,127,0
stationery_15,128,0
stationery_16,115,0
stationery_17,103,0
stationery_18,137,0
stationery_19,140,0
stationery_2,136,0
stationery_20,111,0
stationery_21,123,0
stationery_22,129,0
stationery_23,134,0
stationery_24,131,0
stationery_25,140,0
stationery_26,128,0
stationery_27,133,0
stationery_28,141,0
stationery_29,121,0
stationery_3,138,0
stationery_56,132,0
stationery_58,141,0
supermarket_groceries_104,208882,0
stationery_94,104,0
stationery_84,126,0
stationery_85,129,0
stationery_86,126,0
stationery_87,120,0
stationery_88,116,0
stationery_89,114,0
stationery_9,125,0
stationery_90,102,0
stationery_91,125,0
stationery_92,128,0
stationery_93,121,0
stationery_95,132,0
stationery_59,103,0
stationery_96,119,0
stationery_97,132,0
stationery_98,124,0
stationery_99,97,0
subsidies_1,215177,0
supermarket_groceries_1,207054,0
supermarket_groceries_10,212042,0
supermarket_groceries_100,209445,0
supermarket_groceries_101,208443,0
supermarket_groceries_102,208750,0
supermarket_groceries_103,210997,0
stationery_83,119,0
stationery_82,125,0
stationery_81,106,0
stationery_80,116,0
stationery_6,127,0
stationery_60,132,0
stationery_61,125,0
stationery_62,162,0
stationery_63,139,0
stationery_64,121,0
stationery_65,134,0
stationery_66,115,0
stationery_67,143,0
stationery_68,139,0
stationery_69,136,0
stationery_7,126,0
stationery_70,130,0
stationery_71,118,0
stationery_72,139,0
stationery_73,137,0
stationery_74,134,0
stationery_75,116,0
stationery_76,113,0
stationery_77,128,0
stationery_78,124,0
stationery_79,172,0
stationery_8,130,0
pet_shop_40,663,0
personal_care_30,57220,0
pet_shop_39,691,0
consulting_192,4,0
consulting_182,5,0
consulting_183,6,0
consulting_184,7,0
consulting_185,2,0
consulting_186,2,0
consulting_187,8,0
consulting_188,9,0
consulting_189,2,0
consulting_19,3,0
consulting_190,5,0
consulting_191,5,0
consulting_193,4,0
consulting_18,4,0
consulting_194,6,0
consulting_195,7,0
consulting_196,4,0
consulting_197,4,0
consulting_198,12,0
consulting_199,13,0
consulting_2,6,0
consulting_20,3,0
consulting_200,5,0
consulting_21,4,0
consulting_22,2,0
consulting_181,3,0
consulting_179,2,0
consulting_153,6,0
consulting_166,3,0
consulting_155,3,0
consulting_156,2,0
consulting_157,1,0
consulting_158,7,0
consulting_16,3,0
consulting_160,2,0
consulting_161,3,0
consulting_162,6,0
consulting_163,3,0
consulting_164,7,0
consulting_165,4,0
consulting_167,6,0
consulting_178,5,0
consulting_168,4,0
consulting_169,4,0
consulting_17,6,0
consulting_170,2,0
consulting_171,4,0
consulting_172,3,0
consulting_173,6,0
consulting_174,6,0
consulting_175,1,0
consulting_176,4,0
consulting_177,6,0
consulting_23,7,0
consulting_24,14,0
consulting_25,2,0
consulting_61,1,0
consulting_51,3,0
consulting_52,9,0
consulting_53,3,0
consulting_54,11,0
consulting_55,7,0
consulting_56,3,0
consulting_57,2,0
consulting_58,7,0
consulting_59,2,0
consulting_6,8,0
consulting_60,5,0
consulting_62,6,0
consulting_26,5,0
consulting_63,9,0
consulting_64,1,0
consulting_65,4,0
consulting_66,7,0
consulting_67,4,0
consulting_68,7,0
consulting_69,4,0
consulting_7,5,0
consulting_70,4,0
consulting_71,8,0
consulting_72,2,0
consulting_50,5,0
consulting_5,1,0
consulting_49,5,0
consulting_48,5,0
consulting_27,4,0
consulting_28,2,0
consulting_29,5,0
consulting_3,3,0
consulting_30,3,0
consulting_31,5,0
consulting_32,1,0
consulting_33,1,0
consulting_34,7,0
consulting_35,2,0
consulting_36,5,0
consulting_37,2,0
consulting_38,5,0
consulting_39,5,0
consulting_4,3,0
consulting_40,3,0
consulting_41,3,0
consulting_42,5,0
consulting_43,5,0
consulting_44,1,0
consulting_45,5,0
consulting_46,6,0
consulting_47,7,0
consulting_154,5,0
consulting_152,3,0
clothing_54,81478,0
clothing_91,80291,0
clothing_81,80600,0
clothing_82,81224,0
clothing_83,81437,0
clothing_84,81723,0
clothing_85,80864,0
clothing_86,81271,0
clothing_87,82131,0
clothing_88,80538,0
clothing_89,82085,0
clothing_9,80741,0
clothing_90,81218,0
clothing_92,79622,0
clothing_8,82283,0
clothing_93,81047,0
clothing_94,79965,0
clothing_95,81022,0
clothing_96,80449,0
clothing_97,80611,0
clothing_98,80422,0
clothing_99,80205,0
condominium_1,1004988,0
consulting_1,9,0
consulting_10,3,0
consulting_100,4,0
clothing_80,81099,0
clothing_79,80280,0
consulting_151,8,0
clothing_66,81114,0
clothing_56,80643,0
clothing_57,81290,0
clothing_58,81850,0
clothing_59,79256,0
clothing_6,80539,0
clothing_60,82294,0
clothing_61,80035,0
clothing_62,82229,0
clothing_63,80909,0
clothing_64,82283,0
clothing_65,81129,0
clothing_67,80271,0
clothing_78,81012,0
clothing_68,80329,0
clothing_69,82321,0
clothing_7,81581,0
clothing_70,81490,0
clothing_71,80976,0
clothing_72,81809,0
clothing_73,80253,0
clothing_74,80300,0
clothing_75,81016,0
clothing_76,80216,0
clothing_77,79778,0
consulting_101,4,0
consulting_102,1,0
consulting_103,1,0
consulting_14,3,0
consulting_13,1,0
consulting_130,6,0
consulting_131,4,0
consulting_132,10,0
consulting_133,6,0
consulting_134,5,0
consulting_135,3,0
consulting_136,8,0
consulting_137,6,0
consulting_138,2,0
consulting_139,4,0
consulting_140,5,0
consulting_104,4,0
consulting_141,6,0
consulting_142,5,0
consulting_143,4,0
consulting_144,2,0
consulting_145,3,0
consulting_146,9,0
consulting_147,7,0
consulting_148,3,0
consulting_149,11,0
consulting_15,4,0
consulting_150,4,0
consulting_129,5,0
consulting_128,5,0
consulting_127,5,0
consulting_126,3,0
consulting_105,7,0
consulting_106,2,0
consulting_107,7,0
consulting_108,5,0
consulting_109,4,0
consulting_11,3,0
consulting_110,3,0
consulting_111,3,0
consulting_112,4,0
consulting_113,5,0
consulting_114,2,0
consulting_115,7,0
consulting_116,3,0
consulting_117,3,0
consulting_118,4,0
consulting_119,3,0
consulting_12,11,0
consulting_120,4,0
consulting_121,2,0
consulting_122,4,0
consulting_123,5,0
consulting_124,3,0
consulting_125,2,0
consulting_73,3,0
consulting_74,7,0
consulting_75,4,0
fuel_112,79407,0
fuel_102,79335,0
fuel_103,79381,0
fuel_104,80313,0
fuel_105,80245,0
fuel_106,78951,0
fuel_107,80354,0
fuel_108,78928,0
fuel_109,79795,0
fuel_11,78973,0
fuel_110,81013,0
fuel_111,79954,0
fuel_113,79864,0
fuel_100,81483,0
fuel_114,80136,0
fuel_115,79354,0
fuel_116,80035,0
fuel_117,81318,0
fuel_118,79338,0
fuel_119,79998,0
fuel_12,80272,0
fuel_120,79211,0
fuel_121,80472,0
fuel_122,79934,0
fuel_123,79279,0
fuel_101,80527,0
fuel_10,80317,0
consulting_76,3,0
financial_assets_managed_17,222167,0
electricity_gas_bill_7,574725,0
electricity_gas_bill_8,574072,0
electricity_gas_bill_9,579149,0
financial_assets_managed_1,222735,0
financial_assets_managed_10,219715,0
financial_assets_managed_11,223807,0
financial_assets_managed_12,224290,0
financial_assets_managed_13,229421,0
financial_assets_managed_14,228378,0
financial_assets_managed_15,222239,0
financial_assets_managed_16,222381,0
financial_assets_managed_18,228701,0
fuel_1,80177,0
financial_assets_managed_19,224410,0
financial_assets_managed_2,217411,0
financial_assets_managed_20,217820,0
financial_assets_managed_3,232074,0
financial_assets_managed_4,221373,0
financial_assets_managed_5,225378,0
financial_assets_managed_6,219399,0
financial_assets_managed_7,224575,0
financial_assets_managed_8,224113,0
financial_assets_managed_9,220315,0
financing_1,7222927,0
fuel_124,80600,0
fuel_125,80383,0
fuel_126,79269,0
fuel_162,80162,0
fuel_152,80617,0
fuel_153,80479,0
fuel_154,80324,0
fuel_155,80150,0
fuel_156,81745,0
fuel_157,79812,0
fuel_158,80647,0
fuel_159,80604,0
fuel_16,80045,0
fuel_160,79511,0
fuel_161,80567,0
fuel_163,78774,0
fuel_127,82229,0
fuel_164,80871,0
fuel_165,81631,0
fuel_166,80716,0
fuel_167,79189,0
fuel_168,81242,0
fuel_169,79320,0
fuel_17,79934,0
fuel_170,79329,0
fuel_171,79865,0
fuel_172,79907,0
fuel_173,78602,0
fuel_151,80245,0
fuel_150,81074,0
fuel_15,79010,0
fuel_149,79560,0
fuel_128,80163,0
fuel_129,79417,0
fuel_13,79792,0
fuel_130,80287,0
fuel_131,81348,0
fuel_132,81087,0
fuel_133,79850,0
fuel_134,79506,0
fuel_135,79013,0
fuel_136,82178,0
fuel_137,80817,0
fuel_138,79157,0
fuel_139,79748,0
fuel_14,80247,0
fuel_140,80257,0
fuel_141,79930,0
fuel_142,79732,0
fuel_143,80182,0
fuel_144,80073,0
fuel_145,79599,0
fuel_146,78956,0
fuel_147,79091,0
fuel_148,80291,0
electricity_gas_bill_6,579446,0
electricity_gas_bill_5,575584,0
electricity_gas_bill_4,572807,0
consumer_electronics_23,3542,0
consumer_electronics_13,3456,0
consumer_electronics_14,3390,0
consumer_electronics_15,3377,0
consumer_electronics_16,3498,0
consumer_electronics_17,3467,0
consumer_electronics_18,3532,0
consumer_electronics_19,3367,0
consumer_electronics_2,3393,0
consumer_electronics_20,3524,0
consumer_electronics_21,3468,0
consumer_electronics_22,3563,0
consumer_electronics_24,3421,0
consumer_electronics_36,3481,0
consumer_electronics_25,3503,0
consumer_electronics_26,3480,0
consumer_electronics_27,3379,0
consumer_electronics_28,3590,0
consumer_electronics_29,3485,0
consumer_electronics_3,3328,0
consumer_electronics_30,3399,0
consumer_electronics_31,3476,0
consumer_electronics_32,3492,0
consumer_electronics_33,3555,0
consumer_electronics_34,3481,0
consumer_electronics_12,3572,0
consumer_electronics_11,3421,0
consumer_electronics_10,3578,0
consumer_electronics_1,3507,0
consulting_77,8,0
consulting_78,4,0
consulting_79,3,0
consulting_8,3,0
consulting_80,7,0
consulting_83,3,0
consulting_84,2,0
consulting_85,6,0
consulting_86,6,0
consulting_87,1,0
consulting_88,3,0
consulting_89,2,0
consulting_9,4,0
consulting_90,6,0
consulting_91,7,0
consulting_92,2,0
consulting_93,6,0
consulting_94,2,0
consulting_95,6,0
consulting_96,2,0
consulting_97,2,0
consulting_98,4,0
consulting_99,4,0
consumer_electronics_35,3448,0
consumer_electronics_37,3469,0
electricity_gas_bill_3,574722,0
domestic_utilities_1,479973,0
domestic_services_18,83,0
domestic_services_19,92,0
domestic_services_2,106,0
domestic_services_20,96,0
domestic_services_3,77,0
domestic_services_4,92,0
domestic_services_5,86,0
domestic_services_6,98,0
domestic_services_7,87,0
domestic_services_8,123,0
domestic_services_9,108,0
domestic_utilities_10,477943,0
consumer_electronics_38,3423,0
domestic_utilities_2,483106,0
domestic_utilities_3,474483,0
domestic_utilities_4,473369,0
domestic_utilities_5,476304,0
domestic_utilities_6,476510,0
domestic_utilities_7,479878,0
domestic_utilities_8,479739,0
domestic_utilities_9,480271,0
electricity_gas_bill_1,577199,0
electricity_gas_bill_10,578385,0
electricity_gas_bill_2,578224,0
domestic_services_17,110,0
domestic_services_16,87,0
domestic_services_15,97,0
domestic_services_14,128,0
consumer_electronics_39,3498,0
consumer_electronics_4,3402,0
consumer_electronics_40,3576,0
consumer_electronics_41,3544,0
consumer_electronics_42,3443,0
consumer_electronics_43,3494,0
consumer_electronics_44,3483,0
consumer_electronics_45,3619,0
consumer_electronics_46,3448,0
consumer_electronics_47,3439,0
consumer_electronics_48,3384,0
consumer_electronics_49,3450,0
consumer_electronics_5,3465,0
consumer_electronics_50,3400,0
consumer_electronics_6,3516,0
consumer_electronics_7,3470,0
consumer_electronics_8,3421,0
consumer_electronics_9,3427,0
domestic_services_1,111,0
domestic_services_10,102,0
domestic_services_11,75,0
domestic_services_12,114,0
domestic_services_13,96,0
clothing_55,81755,0
clothing_53,80642,0
pet_shop_38,839,0
alcohol_tobacco_55,184,0
alcohol_tobacco_45,169,0
alcohol_tobacco_46,143,0
alcohol_tobacco_47,184,0
alcohol_tobacco_48,176,0
alcohol_tobacco_49,137,0
alcohol_tobacco_5,163,0
alcohol_tobacco_50,134,0
alcohol_tobacco_51,172,0
alcohol_tobacco_52,193,0
alcohol_tobacco_53,149,0
alcohol_tobacco_54,222,0
alcohol_tobacco_56,197,0
alcohol_tobacco_43,157,0
alcohol_tobacco_57,180,0
alcohol_tobacco_58,155,0
alcohol_tobacco_59,203,0
alcohol_tobacco_6,216,0
alcohol_tobacco_60,181,0
alcohol_tobacco_61,196,0
alcohol_tobacco_62,170,0
alcohol_tobacco_63,176,0
alcohol_tobacco_64,184,0
alcohol_tobacco_65,225,0
alcohol_tobacco_66,184,0
alcohol_tobacco_44,171,0
alcohol_tobacco_42,164,0
alcohol_tobacco_199,145,0
alcohol_tobacco_3,150,0
alcohol_tobacco_20,224,0
alcohol_tobacco_200,216,0
alcohol_tobacco_21,174,0
alcohol_tobacco_22,195,0
alcohol_tobacco_23,208,0
alcohol_tobacco_24,226,0
alcohol_tobacco_25,194,0
alcohol_tobacco_26,178,0
alcohol_tobacco_27,188,0
alcohol_tobacco_28,162,0
alcohol_tobacco_29,180,0
alcohol_tobacco_30,182,0
alcohol_tobacco_41,168,0
alcohol_tobacco_31,216,0
alcohol_tobacco_32,222,0
alcohol_tobacco_33,172,0
alcohol_tobacco_34,254,0
alcohol_tobacco_35,229,0
alcohol_tobacco_36,191,0
alcohol_tobacco_37,224,0
alcohol_tobacco_38,189,0
alcohol_tobacco_39,206,0
alcohol_tobacco_4,163,0
alcohol_tobacco_40,169,0
alcohol_tobacco_67,171,0
alcohol_tobacco_68,135,0
alcohol_tobacco_69,199,0
art_6,298,0
alcohol_tobacco_95,185,0
alcohol_tobacco_96,167,0
alcohol_tobacco_97,166,0
alcohol_tobacco_98,187,0
alcohol_tobacco_99,214,0
art_1,321,0
art_10,382,0
art_2,358,0
art_3,379,0
art_4,369,0
art_5,342,0
art_7,355,0
alcohol_tobacco_7,187,0
art_8,385,0
art_9,342,0
associations_clubs_1,112,0
associations_clubs_10,114,0
associations_clubs_100,126,0
associations_clubs_11,167,0
associations_clubs_12,125,0
associations_clubs_13,113,0
associations_clubs_14,122,0
associations_clubs_15,137,0
associations_clubs_16,147,0
alcohol_tobacco_94,243,0
alcohol_tobacco_93,236,0
alcohol_tobacco_92,223,0
alcohol_tobacco_91,136,0
alcohol_tobacco_70,163,0
alcohol_tobacco_71,165,0
alcohol_tobacco_72,192,0
alcohol_tobacco_73,186,0
alcohol_tobacco_74,225,0
alcohol_tobacco_75,175,0
alcohol_tobacco_76,184,0
alcohol_tobacco_77,230,0
alcohol_tobacco_78,209,0
alcohol_tobacco_79,185,0
alcohol_tobacco_8,192,0
alcohol_tobacco_80,165,0
alcohol_tobacco_81,165,0
alcohol_tobacco_82,189,0
alcohol_tobacco_83,126,0
alcohol_tobacco_84,139,0
alcohol_tobacco_85,250,0
alcohol_tobacco_86,201,0
alcohol_tobacco_87,209,0
alcohol_tobacco_88,229,0
alcohol_tobacco_89,144,0
alcohol_tobacco_9,153,0
alcohol_tobacco_90,231,0
alcohol_tobacco_2,174,0
alcohol_tobacco_198,166,0
clothing_52,81787,0
alcohol_tobacco_135,145,0
alcohol_tobacco_125,167,0
alcohol_tobacco_126,206,0
alcohol_tobacco_127,184,0
alcohol_tobacco_128,219,0
alcohol_tobacco_129,216,0
alcohol_tobacco_13,224,0
alcohol_tobacco_130,139,0
alcohol_tobacco_131,219,0
alcohol_tobacco_132,165,0
alcohol_tobacco_133,235,0
alcohol_tobacco_134,226,0
alcohol_tobacco_136,137,0
alcohol_tobacco_123,197,0
alcohol_tobacco_137,203,0
alcohol_tobacco_138,144,0
alcohol_tobacco_139,222,0
alcohol_tobacco_14,156,0
alcohol_tobacco_140,199,0
alcohol_tobacco_141,171,0
alcohol_tobacco_142,163,0
alcohol_tobacco_143,175,0
alcohol_tobacco_144,156,0
alcohol_tobacco_145,194,0
alcohol_tobacco_146,184,0
alcohol_tobacco_124,207,0
alcohol_tobacco_122,212,0
alcohol_tobacco_197,253,0
alcohol_tobacco_11,184,0
alcohol_tobacco_10,131,0
alcohol_tobacco_100,234,0
alcohol_tobacco_101,216,0
alcohol_tobacco_102,253,0
alcohol_tobacco_103,214,0
alcohol_tobacco_104,181,0
alcohol_tobacco_105,196,0
alcohol_tobacco_106,164,0
alcohol_tobacco_107,158,0
alcohol_tobacco_108,234,0
alcohol_tobacco_109,174,0
alcohol_tobacco_110,175,0
alcohol_tobacco_121,152,0
alcohol_tobacco_111,205,0
alcohol_tobacco_112,143,0
alcohol_tobacco_113,229,0
alcohol_tobacco_114,164,0
alcohol_tobacco_115,147,0
alcohol_tobacco_116,225,0
alcohol_tobacco_117,186,0
alcohol_tobacco_118,137,0
alcohol_tobacco_119,182,0
alcohol_tobacco_12,233,0
alcohol_tobacco_120,203,0
alcohol_tobacco_147,222,0
alcohol_tobacco_148,200,0
alcohol_tobacco_149,173,0
alcohol_tobacco_185,208,0
alcohol_tobacco_175,177,0
alcohol_tobacco_176,157,0
alcohol_tobacco_177,167,0
alcohol_tobacco_178,216,0
alcohol_tobacco_179,150,0
alcohol_tobacco_18,153,0
alcohol_tobacco_180,221,0
alcohol_tobacco_181,179,0
alcohol_tobacco_182,207,0
alcohol_tobacco_183,216,0
alcohol_tobacco_184,179,0
alcohol_tobacco_186,165,0
alcohol_tobacco_15,171,0
alcohol_tobacco_187,173,0
alcohol_tobacco_188,145,0
alcohol_tobacco_189,197,0
alcohol_tobacco_19,135,0
alcohol_tobacco_190,147,0
alcohol_tobacco_191,218,0
alcohol_tobacco_192,230,0
alcohol_tobacco_193,192,0
alcohol_tobacco_194,200,0
alcohol_tobacco_195,220,0
alcohol_tobacco_196,171,0
alcohol_tobacco_174,192,0
alcohol_tobacco_173,144,0
alcohol_tobacco_172,200,0
alcohol_tobacco_171,191,0
alcohol_tobacco_150,186,0
alcohol_tobacco_151,118,0
alcohol_tobacco_152,182,0
alcohol_tobacco_153,163,0
alcohol_tobacco_154,245,0
alcohol_tobacco_155,172,0
alcohol_tobacco_156,140,0
alcohol_tobacco_157,182,0
alcohol_tobacco_158,165,0
alcohol_tobacco_159,199,0
alcohol_tobacco_16,243,0
alcohol_tobacco_160,213,0
alcohol_tobacco_161,169,0
alcohol_tobacco_162,164,0
alcohol_tobacco_163,163,0
alcohol_tobacco_164,189,0
alcohol_tobacco_165,165,0
alcohol_tobacco_166,162,0
alcohol_tobacco_167,280,0
alcohol_tobacco_168,231,0
alcohol_tobacco_169,192,0
alcohol_tobacco_17,142,0
alcohol_tobacco_170,167,0
associations_clubs_17,132,0
associations_clubs_18,101,0
associations_clubs_19,112,0
car_accessories_maintenance_47,5022,0
car_accessories_maintenance_37,5077,0
car_accessories_maintenance_38,5098,0
car_accessories_maintenance_39,5215,0
car_accessories_maintenance_4,5176,0
car_accessories_maintenance_40,5031,0
car_accessories_maintenance_41,5006,0
car_accessories_maintenance_42,5101,0
car_accessories_maintenance_43,4888,0
car_accessories_maintenance_44,5120,0
car_accessories_maintenance_45,5149,0
car_accessories_maintenance_46,5019,0
car_accessories_maintenance_48,5013,0
car_accessories_maintenance_35,5038,0
car_accessories_maintenance_49,4931,0
car_accessories_maintenance_5,5000,0
car_accessories_maintenance_50,5028,0
car_accessories_maintenance_6,4934,0
car_accessories_maintenance_7,5121,0
car_accessories_maintenance_8,5001,0
car_accessories_maintenance_9,5077,0
children_shop_26,3,0
children_shop_40,1,0
children_shop_45,1,0
children_shop_48,1,0
car_accessories_maintenance_36,5093,0
car_accessories_maintenance_34,5110,0
associations_clubs_2,141,0
car_accessories_maintenance_21,5098,0
car_accessories_maintenance_11,5083,0
car_accessories_maintenance_12,5029,0
car_accessories_maintenance_13,5009,0
car_accessories_maintenance_14,5025,0
car_accessories_maintenance_15,5133,0
car_accessories_maintenance_16,5170,0
car_accessories_maintenance_17,4940,0
car_accessories_maintenance_18,5019,0
car_accessories_maintenance_19,4992,0
car_accessories_maintenance_2,5006,0
car_accessories_maintenance_20,5047,0
car_accessories_maintenance_22,5026,0
car_accessories_maintenance_33,4999,0
car_accessories_maintenance_23,4922,0
car_accessories_maintenance_24,4958,0
car_accessories_maintenance_25,5031,0
car_accessories_maintenance_26,5019,0
car_accessories_maintenance_27,5184,0
car_accessories_maintenance_28,5104,0
car_accessories_maintenance_29,5011,0
car_accessories_maintenance_3,4985,0
car_accessories_maintenance_30,5005,0
car_accessories_maintenance_31,5037,0
car_accessories_maintenance_32,5060,0
children_shop_53,1,0
children_shop_60,7,0
children_shop_63,1,0
clothing_40,80933,0
clothing_30,80632,0
clothing_31,80582,0
clothing_32,80344,0
clothing_33,79999,0
clothing_34,80681,0
clothing_35,80191,0
clothing_36,81343,0
clothing_37,81252,0
clothing_38,81432,0
clothing_39,80673,0
clothing_4,81851,0
clothing_41,81773,0
children_shop_77,1,0
clothing_42,80961,0
clothing_43,80428,0
clothing_44,82328,0
clothing_45,80176,0
clothing_46,80339,0
clothing_47,81492,0
clothing_48,82344,0
clothing_49,81813,0
clothing_5,81934,0
clothing_50,80898,0
clothing_51,81690,0
clothing_3,80812,0
clothing_29,81349,0
clothing_28,81093,0
clothing_27,79907,0
children_shop_81,2,0
children_shop_90,1,0
children_shop_92,2,0
clothing_1,81970,0
clothing_10,81099,0
clothing_100,80914,0
clothing_11,82429,0
clothing_12,81643,0
clothing_13,80997,0
clothing_14,82084,0
clothing_15,81515,0
clothing_16,81496,0
clothing_17,82400,0
clothing_18,81597,0
clothing_19,82536,0
clothing_2,81255,0
clothing_20,81172,0
clothing_21,82028,0
clothing_22,81337,0
clothing_23,79670,0
clothing_24,82332,0
clothing_25,80729,0
clothing_26,80962,0
car_accessories_maintenance_10,5053,0
car_accessories_maintenance_1,4986,0
boat_9,89,0
associations_clubs_55,142,0
associations_clubs_45,132,0
associations_clubs_46,122,0
associations_clubs_47,128,0
associations_clubs_48,146,0
associations_clubs_49,130,0
associations_clubs_5,126,0
associations_clubs_50,132,0
associations_clubs_51,141,0
associations_clubs_52,152,0
associations_clubs_53,103,0
associations_clubs_54,141,0
associations_clubs_56,142,0
associations_clubs_68,132,0
associations_clubs_57,119,0
associations_clubs_58,143,0
associations_clubs_59,155,0
associations_clubs_6,130,0
associations_clubs_60,157,0
associations_clubs_61,107,0
associations_clubs_62,122,0
associations_clubs_63,138,0
associations_clubs_64,132,0
associations_clubs_65,104,0
associations_clubs_66,141,0
associations_clubs_44,145,0
associations_clubs_43,139,0
associations_clubs_42,157,0
associations_clubs_41,156,0
associations_clubs_20,152,0
associations_clubs_21,117,0
associations_clubs_22,131,0
associations_clubs_23,136,0
associations_clubs_24,143,0
associations_clubs_25,133,0
associations_clubs_26,190,0
associations_clubs_27,125,0
associations_clubs_28,127,0
associations_clubs_29,108,0
associations_clubs_3,144,0
associations_clubs_30,101,0
associations_clubs_31,119,0
associations_clubs_32,110,0
associations_clubs_33,150,0
associations_clubs_34,109,0
associations_clubs_35,107,0
associations_clubs_36,135,0
associations_clubs_37,102,0
associations_clubs_38,127,0
associations_clubs_39,115,0
associations_clubs_4,134,0
associations_clubs_40,125,0
associations_clubs_67,147,0
associations_clubs_69,115,0
boat_8,93,0
betting_5,124,0
associations_clubs_95,121,0
associations_clubs_96,134,0
associations_clubs_97,124,0
associations_clubs_98,149,0
associations_clubs_99,144,0
bank_commission_1,21616618,0
betting_1,31,0
betting_10,40,0
betting_2,27,0
betting_3,52,0
betting_4,24,0
betting_6,25,0
associations_clubs_7,141,0
betting_7,33,0
betting_8,17,0
betting_9,31,0
boat_1,109,0
boat_10,85,0
boat_2,99,0
boat_3,118,0
boat_4,87,0
boat_5,109,0
boat_6,93,0
boat_7,91,0
associations_clubs_94,147,0
associations_clubs_93,118,0
associations_clubs_92,133,0
associations_clubs_91,149,0
associations_clubs_70,129,0
associations_clubs_71,142,0
associations_clubs_72,115,0
associations_clubs_73,125,0
associations_clubs_74,120,0
associations_clubs_75,138,0
associations_clubs_76,125,0
associations_clubs_77,149,0
associations_clubs_78,130,0
associations_clubs_79,155,0
associations_clubs_8,149,0
associations_clubs_80,164,0
associations_clubs_81,161,0
associations_clubs_82,143,0
associations_clubs_83,137,0
associations_clubs_84,155,0
associations_clubs_85,151,0
associations_clubs_86,150,0
associations_clubs_87,129,0
associations_clubs_88,140,0
associations_clubs_89,133,0
associations_clubs_9,122,0
associations_clubs_90,156,0
fuel_174,80915,0
fuel_175,80380,0
fuel_176,78632,0
medical_visit_23,48851,0
medical_visit_13,48726,0
medical_visit_14,48029,0
medical_visit_15,49576,0
medical_visit_16,48841,0
medical_visit_17,48747,0
medical_visit_18,48837,0
medical_visit_19,49575,0
medical_visit_2,48503,0
medical_visit_20,48937,0
medical_visit_21,48760,0
medical_visit_22,48944,0
medical_visit_24,49542,0
medical_visit_11,48970,0
medical_visit_25,48013,0
medical_visit_26,48274,0
medical_visit_27,49387,0
medical_visit_28,48334,0
medical_visit_29,47981,0
medical_visit_3,48421,0
medical_visit_30,48528,0
medical_visit_31,50204,0
medical_visit_32,49049,0
medical_visit_33,48730,0
medical_visit_34,49042,0
medical_visit_12,50452,0
medical_visit_10,49646,0
leisure_40,15006,0
leisure_7,14891,0
leisure_42,15025,0
leisure_43,15129,0
leisure_44,15068,0
leisure_45,15119,0
leisure_46,14909,0
leisure_47,14889,0
leisure_48,15072,0
leisure_49,14955,0
leisure_5,14944,0
leisure_50,14927,0
leisure_6,14706,0
leisure_8,14883,0
medical_visit_1,50447,0
leisure_9,15372,0
luxury_1,394,0
luxury_10,369,0
luxury_2,414,0
luxury_3,357,0
luxury_4,382,0
luxury_5,427,0
luxury_6,408,0
luxury_7,410,0
luxury_8,405,0
luxury_9,391,0
medical_visit_35,47690,0
medical_visit_36,49119,0
medical_visit_37,49078,0
music_28,12772,0
music_18,12869,0
music_19,12751,0
music_2,12813,0
music_20,12771,0
music_21,13123,0
music_22,13168,0
music_23,13267,0
music_24,12778,0
music_25,12947,0
music_26,12641,0
music_27,12560,0
music_29,12771,0
medical_visit_38,48039,0
music_3,13156,0
music_30,12715,0
music_31,12808,0
music_32,12743,0
music_33,13179,0
music_34,13065,0
music_35,13132,0
music_36,13260,0
music_37,12856,0
music_38,12779,0
music_39,13072,0
music_17,12927,0
music_16,13445,0
music_15,13069,0
music_14,12819,0
medical_visit_39,48554,0
medical_visit_4,49513,0
medical_visit_40,49804,0
medical_visit_41,48612,0
medical_visit_42,49268,0
medical_visit_43,48224,0
medical_visit_44,48852,0
medical_visit_45,48949,0
medical_visit_46,47982,0
medical_visit_47,48543,0
medical_visit_48,49473,0
medical_visit_49,49150,0
medical_visit_5,49561,0
medical_visit_50,50320,0
medical_visit_6,49234,0
medical_visit_7,48898,0
medical_visit_8,48509,0
medical_visit_9,48839,0
music_1,12830,0
music_10,12862,0
music_11,12521,0
music_12,13246,0
music_13,12726,0
leisure_41,15012,0
leisure_4,14861,0
fuel_177,81193,0
legal_expenses_22,4595,0
legal_expenses_12,4601,0
legal_expenses_13,4278,0
legal_expenses_14,4767,0
legal_expenses_15,4493,0
legal_expenses_16,4484,0
legal_expenses_17,4665,0
legal_expenses_18,4631,0
legal_expenses_19,4681,0
legal_expenses_2,4559,0
legal_expenses_20,4502,0
legal_expenses_21,4519,0
legal_expenses_23,4736,0
legal_expenses_10,4517,0
legal_expenses_24,4371,0
legal_expenses_25,4542,0
legal_expenses_26,4498,0
legal_expenses_27,4625,0
legal_expenses_28,4446,0
legal_expenses_29,4633,0
legal_expenses_3,4568,0
legal_expenses_30,4653,0
legal_expenses_31,4665,0
legal_expenses_32,4850,0
legal_expenses_33,4278,0
legal_expenses_11,4520,0
legal_expenses_1,4357,0
leisure_39,14803,0
laundry_15,3924,0
jewelry_95,12365,0
jewelry_96,12548,0
jewelry_97,12691,0
jewelry_98,12739,0
jewelry_99,12500,0
laundry_1,3685,0
laundry_10,3621,0
laundry_11,3752,0
laundry_12,3736,0
laundry_13,3820,0
laundry_14,3701,0
laundry_16,3782,0
laundry_9,3729,0
laundry_17,3970,0
laundry_18,3716,0
laundry_19,3863,0
laundry_2,3819,0
laundry_20,3828,0
laundry_3,3681,0
laundry_4,3739,0
laundry_5,3871,0
laundry_6,3713,0
laundry_7,4010,0
laundry_8,3747,0
legal_expenses_34,4658,0
legal_expenses_35,4612,0
legal_expenses_36,4561,0
leisure_27,15065,0
leisure_17,14932,0
leisure_18,14899,0
leisure_19,15147,0
leisure_2,15073,0
leisure_20,15151,0
leisure_21,14866,0
leisure_22,15011,0
leisure_23,15107,0
leisure_24,14939,0
leisure_25,14588,0
leisure_26,15013,0
leisure_28,15107,0
legal_expenses_37,4969,0
leisure_29,15017,0
leisure_3,15020,0
leisure_30,14991,0
leisure_31,15009,0
leisure_32,14902,0
leisure_33,15091,0
leisure_34,14730,0
leisure_35,14847,0
leisure_36,14935,0
leisure_37,14961,0
leisure_38,14906,0
leisure_16,14831,0
leisure_15,15140,0
leisure_14,15120,0
leisure_13,14789,0
legal_expenses_38,4256,0
legal_expenses_39,4450,0
legal_expenses_4,4738,0
legal_expenses_40,4519,0
legal_expenses_41,4422,0
legal_expenses_42,4382,0
legal_expenses_43,4460,0
legal_expenses_44,4407,0
legal_expenses_45,4601,0
legal_expenses_46,4816,0
legal_expenses_47,4332,0
legal_expenses_48,4442,0
legal_expenses_49,4619,0
legal_expenses_5,4448,0
legal_expenses_50,4545,0
legal_expenses_6,4525,0
legal_expenses_7,4335,0
legal_expenses_8,4356,0
legal_expenses_9,4452,0
leisure_1,14815,0
leisure_10,14688,0
leisure_11,14726,0
leisure_12,14988,0
music_4,12960,0
music_40,12835,0
music_41,13052,0
personal_care_67,57626,0
personal_care_57,57146,0
personal_care_58,57762,0
personal_care_59,56783,0
personal_care_6,56988,0
personal_care_60,57345,0
personal_care_61,57838,0
personal_care_62,57565,0
personal_care_63,56322,0
personal_care_64,58435,0
personal_care_65,57456,0
personal_care_66,56582,0
personal_care_68,57916,0
personal_care_55,57828,0
personal_care_69,56394,0
personal_care_7,57592,0
personal_care_70,57414,0
personal_care_71,57778,0
personal_care_72,57151,0
personal_care_73,58637,0
personal_care_74,57205,0
personal_care_75,57621,0
personal_care_76,57667,0
personal_care_77,57620,0
personal_care_78,58357,0
personal_care_56,57475,0
personal_care_54,56161,0
music_42,12834,0
personal_care_41,57955,0
personal_care_31,57304,0
personal_care_32,57128,0
personal_care_33,57163,0
personal_care_34,56755,0
personal_care_35,57670,0
personal_care_36,57957,0
personal_care_37,57163,0
personal_care_38,57201,0
personal_care_39,57604,0
personal_care_4,57352,0
personal_care_40,57043,0
personal_care_42,58014,0
personal_care_53,58101,0
personal_care_43,56962,0
personal_care_44,58640,0
personal_care_45,57187,0
personal_care_46,56433,0
personal_care_47,58000,0
personal_care_48,57593,0
personal_care_49,56608,0
personal_care_5,57800,0
personal_care_50,57416,0
personal_care_51,56585,0
personal_care_52,57459,0
personal_care_79,56720,0
personal_care_8,57750,0
personal_care_80,57709,0
pet_shop_26,609,0
pet_shop_16,698,0
pet_shop_17,718,0
pet_shop_18,830,0
pet_shop_19,601,0
pet_shop_2,591,0
pet_shop_20,674,0
pet_shop_21,684,0
pet_shop_22,646,0
pet_shop_23,650,0
pet_shop_24,673,0
pet_shop_25,565,0
pet_shop_27,673,0
personal_care_81,57282,0
pet_shop_28,611,0
pet_shop_29,634,0
pet_shop_3,594,0
pet_shop_30,787,0
pet_shop_31,599,0
pet_shop_32,614,0
pet_shop_33,557,0
pet_shop_34,617,0
pet_shop_35,559,0
pet_shop_36,655,0
pet_shop_37,650,0
pet_shop_15,599,0
pet_shop_14,720,0
pet_shop_13,723,0
pet_shop_12,712,0
personal_care_82,57145,0
personal_care_83,57573,0
personal_care_84,58064,0
personal_care_85,58162,0
personal_care_86,57598,0
personal_care_87,57513,0
personal_care_88,58236,0
personal_care_89,57355,0
personal_care_9,57746,0
personal_care_90,57794,0
personal_care_91,58051,0
personal_care_92,58002,0
personal_care_93,57614,0
personal_care_94,57949,0
personal_care_95,57972,0
personal_care_96,58197,0
personal_care_97,57678,0
personal_care_98,57140,0
personal_care_99,57638,0
pet_shop_1,919,0
pet_shop_10,594,0
pet_shop_100,646,0
pet_shop_11,564,0
alcohol_tobacco_1,187,0
personal_care_3,58332,0
personal_care_29,56782,0
parking_washing_13,2708,0
online_shopping_4,309642,0
online_shopping_5,307980,0
online_shopping_6,308796,0
online_shopping_7,308772,0
online_shopping_8,310669,0
online_shopping_9,309575,0
other_1,40134277,0
parking_washing_1,2629,0
parking_washing_10,2678,0
parking_washing_11,2693,0
parking_washing_12,2692,0
parking_washing_14,2854,0
parking_washing_26,2670,0
parking_washing_15,2618,0
parking_washing_16,2877,0
parking_washing_17,2800,0
parking_washing_18,2902,0
parking_washing_19,2727,0
parking_washing_2,2871,0
parking_washing_20,2871,0
parking_washing_21,2627,0
parking_washing_22,2855,0
parking_washing_23,2765,0
parking_washing_24,2842,0
online_shopping_3,310001,0
online_shopping_20,308336,0
online_shopping_2,308524,0
online_shopping_19,309585,0
music_43,12586,0
music_44,12873,0
music_45,12913,0
music_46,12608,0
music_47,12784,0
music_48,12782,0
music_49,12786,0
music_5,12832,0
music_50,12597,0
music_6,13133,0
music_7,13249,0
music_8,12776,0
music_9,12923,0
online_shopping_1,309609,0
online_shopping_10,308501,0
online_shopping_11,308134,0
online_shopping_12,308715,0
online_shopping_13,307382,0
online_shopping_14,310744,0
online_shopping_15,309616,0
online_shopping_16,311006,0
online_shopping_17,308030,0
online_shopping_18,306892,0
parking_washing_25,2668,0
parking_washing_27,2815,0
personal_care_28,58136,0
personal_care_16,57816,0
parking_washing_8,2731,0
parking_washing_9,2891,0
pension_1,2694566,0
personal_care_1,57743,0
personal_care_10,56819,0
personal_care_100,57507,0
personal_care_11,57130,0
personal_care_12,58764,0
personal_care_13,57554,0
personal_care_14,57867,0
personal_care_15,57306,0
personal_care_17,57013,0
parking_washing_28,2718,0
personal_care_18,57277,0
personal_care_19,57649,0
personal_care_2,56882,0
personal_care_20,56422,0
personal_care_21,57868,0
personal_care_22,57681,0
personal_care_23,58095,0
personal_care_24,58247,0
personal_care_25,57990,0
personal_care_26,57064,0
personal_care_27,57433,0
parking_washing_7,2777,0
parking_washing_6,2705,0
parking_washing_50,2751,0
parking_washing_5,2786,0
parking_washing_29,2847,0
parking_washing_3,2680,0
parking_washing_30,2726,0
parking_washing_31,2777,0
parking_washing_32,2710,0
parking_washing_33,2767,0
parking_washing_34,2697,0
parking_washing_35,2738,0
parking_washing_36,2846,0
parking_washing_37,2661,0
parking_washing_38,2755,0
parking_washing_39,2639,0
parking_washing_4,2929,0
parking_washing_40,2749,0
parking_washing_41,2740,0
parking_washing_42,2725,0
parking_washing_43,2578,0
parking_washing_44,2529,0
parking_washing_45,2574,0
parking_washing_46,2696,0
parking_washing_47,2892,0
parking_washing_48,2773,0
parking_washing_49,2761,0
jewelry_94,12222,0
jewelry_93,12542,0
jewelry_92,12868,0
gardening_13,33236,0
games_30,1,0
games_39,2,0
games_45,1,0
games_47,1,0
games_48,1,0
games_6,2,0
games_7,3,0
gardening_1,33844,0
gardening_10,33827,0
gardening_11,33434,0
gardening_12,33465,0
gardening_14,33604,0
games_23,2,0
gardening_15,33284,0
gardening_16,32989,0
gardening_17,33110,0
gardening_18,32742,0
gardening_19,33902,0
gardening_2,33618,0
gardening_20,33450,0
gardening_3,33082,0
gardening_4,33638,0
gardening_5,33304,0
gardening_6,33712,0
games_25,1,0
games_19,1,0
hospital_48,2493,0
furniture_17,225053,0
fuel_97,80436,0
fuel_98,78698,0
fuel_99,80652,0
furniture_1,222065,0
furniture_10,223509,0
furniture_11,225316,0
furniture_12,223896,0
furniture_13,224607,0
furniture_14,223008,0
furniture_15,222803,0
furniture_16,224374,0
furniture_18,223525,0
games_17,1,0
furniture_19,225716,0
furniture_2,222516,0
furniture_20,223485,0
furniture_3,224503,0
furniture_4,225312,0
furniture_5,223139,0
furniture_6,225357,0
furniture_7,224975,0
furniture_8,225876,0
furniture_9,223488,0
games_12,1,0
gardening_7,33472,0
gardening_8,33514,0
gardening_9,33272,0
hospital_35,2684,0
hospital_25,2752,0
hospital_26,2702,0
hospital_27,2750,0
hospital_28,2691,0
hospital_29,2581,0
hospital_3,2729,0
hospital_30,2701,0
hospital_31,2605,0
hospital_32,2610,0
hospital_33,2707,0
hospital_34,2656,0
hospital_36,2629,0
gold_diamonds_1,704,0
hospital_37,2618,0
hospital_38,2688,0
hospital_39,2659,0
hospital_4,2627,0
hospital_40,2632,0
hospital_41,2626,0
hospital_42,2687,0
hospital_43,2634,0
hospital_44,2793,0
hospital_45,2699,0
hospital_46,2761,0
hospital_24,2498,0
hospital_23,2712,0
hospital_22,2608,0
hospital_21,2618,0
gold_diamonds_10,670,0
gold_diamonds_2,689,0
gold_diamonds_3,719,0
gold_diamonds_4,747,0
gold_diamonds_5,670,0
gold_diamonds_6,721,0
gold_diamonds_7,697,0
gold_diamonds_8,696,0
gold_diamonds_9,687,0
highway_tolls_1,2011932,0
hospital_1,2731,0
hospital_10,2661,0
hospital_11,2635,0
hospital_12,2755,0
hospital_13,2525,0
hospital_14,2630,0
hospital_15,2657,0
hospital_16,2675,0
hospital_17,2541,0
hospital_18,2495,0
hospital_19,2620,0
hospital_2,2540,0
hospital_20,2615,0
fuel_96,79490,0
fuel_95,79451,0
fuel_94,79868,0
fuel_31,79408,0
fuel_21,78891,0
fuel_22,79788,0
fuel_23,79131,0
fuel_24,80290,0
fuel_25,80988,0
fuel_26,80575,0
fuel_27,80544,0
fuel_28,80220,0
fuel_29,79971,0
fuel_3,80646,0
fuel_30,81555,0
fuel_32,79059,0
fuel_44,79410,0
fuel_33,79518,0
fuel_34,79357,0
fuel_35,79072,0
fuel_36,80028,0
fuel_37,79550,0
fuel_38,79503,0
fuel_39,80546,0
fuel_4,80323,0
fuel_40,79443,0
fuel_41,79907,0
fuel_42,80718,0
fuel_200,80643,0
fuel_20,80760,0
fuel_2,80310,0
fuel_199,80561,0
fuel_178,80441,0
fuel_179,80091,0
fuel_18,79826,0
fuel_180,79782,0
fuel_181,79256,0
fuel_182,80165,0
fuel_183,79552,0
fuel_184,79925,0
fuel_185,80152,0
fuel_186,80604,0
fuel_187,80784,0
fuel_188,79112,0
fuel_189,80431,0
fuel_19,80281,0
fuel_190,82008,0
fuel_191,79781,0
fuel_192,79334,0
fuel_193,81186,0
fuel_194,80178,0
fuel_195,79160,0
fuel_196,78737,0
fuel_197,79042,0
fuel_198,79649,0
fuel_43,79668,0
fuel_45,81351,0
fuel_93,80479,0
fuel_81,81257,0
fuel_71,80397,0
fuel_72,80418,0
fuel_73,79078,0
fuel_74,80813,0
fuel_75,80132,0
fuel_76,80664,0
fuel_77,78756,0
fuel_78,79949,0
fuel_79,79602,0
fuel_8,80302,0
fuel_80,79972,0
fuel_82,81371,0
fuel_46,80218,0
fuel_83,80423,0
fuel_84,80484,0
fuel_85,80342,0
fuel_86,80497,0
fuel_87,80058,0
fuel_88,80192,0
fuel_89,80924,0
fuel_9,79532,0
fuel_90,79377,0
fuel_91,77492,0
fuel_92,79849,0
fuel_70,80490,0
fuel_7,80498,0
fuel_69,79899,0
fuel_68,80155,0
fuel_47,79920,0
fuel_48,80892,0
fuel_49,79448,0
fuel_5,81538,0
fuel_50,79873,0
fuel_51,79759,0
fuel_52,79082,0
fuel_53,80615,0
fuel_54,80113,0
fuel_55,79732,0
fuel_56,78529,0
fuel_57,80379,0
fuel_58,80880,0
fuel_59,80587,0
fuel_6,80238,0
fuel_60,80764,0
fuel_61,80627,0
fuel_62,80424,0
fuel_63,80612,0
fuel_64,80232,0
fuel_65,79600,0
fuel_66,80796,0
fuel_67,80284,0
hospital_47,2582,0
hospital_49,2505,0
jewelry_91,12117,0
jewelry_3,12585,0
jewelry_2,12522,0
jewelry_20,12477,0
jewelry_21,12572,0
jewelry_22,12454,0
jewelry_23,12513,0
jewelry_24,12561,0
jewelry_25,12354,0
jewelry_26,12514,0
jewelry_27,12637,0
jewelry_28,12516,0
jewelry_29,12665,0
jewelry_30,12333,0
jewelry_18,12266,0
jewelry_31,12803,0
jewelry_32,12303,0
jewelry_33,12462,0
jewelry_34,12826,0
jewelry_35,12538,0
jewelry_36,12354,0
jewelry_37,12332,0
jewelry_38,12523,0
jewelry_39,12223,0
jewelry_4,12564,0
jewelry_40,12284,0
jewelry_19,12272,0
jewelry_17,12278,0
hospital_5,2536,0
insurance_5,177620,0
insurance_13,177166,0
insurance_14,178132,0
insurance_15,179023,0
insurance_16,178109,0
insurance_17,177999,0
insurance_18,177463,0
insurance_19,177723,0
insurance_2,176995,0
insurance_20,177913,0
insurance_3,176564,0
insurance_4,179101,0
insurance_6,179761,0
jewelry_16,12567,0
insurance_7,179016,0
insurance_8,177702,0
insurance_9,179427,0
jewelry_1,12481,0
jewelry_10,12645,0
jewelry_100,12366,0
jewelry_11,12402,0
jewelry_12,12104,0
jewelry_13,12548,0
jewelry_14,12593,0
jewelry_15,12384,0
jewelry_41,12784,0
jewelry_42,12785,0
jewelry_43,12358,0
jewelry_8,12369,0
jewelry_7,12345,0
jewelry_70,12264,0
jewelry_71,12388,0
jewelry_72,12565,0
jewelry_73,12330,0
jewelry_74,12471,0
jewelry_75,12157,0
jewelry_76,12859,0
jewelry_77,12268,0
jewelry_78,12437,0
jewelry_79,12284,0
jewelry_80,12292,0
jewelry_44,12555,0
jewelry_81,12461,0
jewelry_82,12433,0
jewelry_83,12575,0
jewelry_84,12440,0
jewelry_85,12411,0
jewelry_86,12404,0
jewelry_87,12289,0
jewelry_88,12741,0
jewelry_89,12135,0
jewelry_9,12182,0
jewelry_90,12248,0
jewelry_69,12489,0
jewelry_68,12761,0
jewelry_67,12353,0
jewelry_66,12340,0
jewelry_45,12513,0
jewelry_46,12195,0
jewelry_47,12679,0
jewelry_48,12531,0
jewelry_49,12632,0
jewelry_5,12298,0
jewelry_50,12222,0
jewelry_51,12573,0
jewelry_52,12698,0
jewelry_53,12314,0
jewelry_54,12444,0
jewelry_55,12512,0
jewelry_56,12361,0
jewelry_57,12483,0
jewelry_58,12483,0
jewelry_59,12380,0
jewelry_6,12411,0
jewelry_60,12191,0
jewelry_61,12238,0
jewelry_62,12856,0
jewelry_63,12335,0
jewelry_64,12501,0
jewelry_65,12462,0
insurance_12,179048,0
insurance_11,177621,0
insurance_10,178599,0
hotels_39,14347,0
hotels_29,14858,0
hotels_3,14462,0
hotels_30,14714,0
hotels_31,14509,0
hotels_32,14742,0
hotels_33,14345,0
hotels_34,14507,0
hotels_35,14562,0
hotels_36,14655,0
hotels_37,14301,0
hotels_38,14523,0
hotels_4,14272,0
hotels_51,14336,0
hotels_40,14489,0
hotels_41,14321,0
hotels_42,14889,0
hotels_43,14624,0
hotels_44,14651,0
hotels_45,14557,0
hotels_46,14722,0
hotels_47,14709,0
hotels_48,14125,0
hotels_49,14853,0
hotels_5,14595,0
hotels_28,14575,0
hotels_27,14565,0
hotels_26,14579,0
hotels_25,14658,0
hospital_50,2534,0
hospital_6,2650,0
hospital_7,2556,0
hospital_8,2837,0
hospital_9,2472,0
hotels_1,14658,0
hotels_10,14409,0
hotels_100,14712,0
hotels_11,14844,0
hotels_12,14486,0
hotels_13,14481,0
hotels_14,14647,0
hotels_15,14507,0
hotels_16,14740,0
hotels_17,14644,0
hotels_18,14601,0
hotels_19,14640,0
hotels_2,14703,0
hotels_20,14456,0
hotels_21,14614,0
hotels_22,14427,0
hotels_23,14612,0
hotels_24,14812,0
hotels_50,14642,0
hotels_52,14585,0
insurance_1,179106,0
hotels_89,14682,0
hotels_79,14627,0
hotels_8,14720,0
hotels_80,15046,0
hotels_81,14503,0
hotels_82,14294,0
hotels_83,15010,0
hotels_84,14539,0
hotels_85,14682,0
hotels_86,14335,0
hotels_87,14685,0
hotels_88,14523,0
hotels_9,14967,0
hotels_53,14688,0
hotels_90,14342,0
hotels_91,14383,0
hotels_92,14550,0
hotels_93,14783,0
hotels_94,14429,0
hotels_95,14855,0
hotels_96,14641,0
hotels_97,14683,0
hotels_98,14979,0
hotels_99,14770,0
inheritance_1,3880,0
hotels_78,14763,0
hotels_77,14511,0
hotels_76,14580,0
hotels_75,14583,0
hotels_54,14433,0
hotels_55,14550,0
hotels_56,14568,0
hotels_57,14903,0
hotels_58,14697,0
hotels_59,14711,0
hotels_6,14456,0
hotels_60,14478,0
hotels_61,14493,0
hotels_62,14848,0
hotels_63,14709,0
hotels_64,14629,0
hotels_65,14688,0
hotels_66,14730,0
hotels_67,14463,0
hotels_68,14795,0
hotels_69,14481,0
hotels_7,14703,0
hotels_70,14644,0
hotels_71,14430,0
hotels_72,14312,0
hotels_73,14588,0
hotels_74,14619,0
work_income_99,84293,0
